! /home/ngc/Work/research/Illustris-BFE/notebooks/halo_21537_model.txt
! R    D    M    P
2000
5.667250e-03 7.418561e+02 3.205829e-16 -4.873870e+00
6.786394e-03 6.048898e+02 3.634383e-04 -4.868995e+00
7.905539e-03 5.060316e+02 7.817175e-04 -4.857327e+00
9.024683e-03 4.316263e+02 1.251297e-03 -4.841577e+00
1.014383e-02 3.738162e+02 1.768966e-03 -4.823257e+00
1.126297e-02 3.277621e+02 2.331810e-03 -4.803280e+00
1.238212e-02 2.903236e+02 2.937175e-03 -4.782221e+00
1.350126e-02 2.593758e+02 3.582634e-03 -4.760463e+00
1.462041e-02 2.334311e+02 4.265965e-03 -4.738266e+00
1.573955e-02 2.114179e+02 4.985125e-03 -4.715813e+00
1.685869e-02 1.925456e+02 5.738228e-03 -4.693234e+00
1.797784e-02 1.762189e+02 6.523531e-03 -4.670624e+00
1.909698e-02 1.619810e+02 7.339416e-03 -4.648054e+00
2.021613e-02 1.494763e+02 8.184380e-03 -4.625574e+00
2.133527e-02 1.384238e+02 9.057021e-03 -4.603223e+00
2.245442e-02 1.285988e+02 9.956030e-03 -4.581030e+00
2.357356e-02 1.198198e+02 1.088018e-02 -4.559017e+00
2.469271e-02 1.119382e+02 1.182833e-02 -4.537198e+00
2.581185e-02 1.048318e+02 1.279940e-02 -4.515586e+00
2.693099e-02 9.839902e+01 1.379236e-02 -4.494189e+00
2.805014e-02 9.255474e+01 1.480628e-02 -4.473012e+00
2.916928e-02 8.722722e+01 1.584023e-02 -4.452059e+00
3.028843e-02 8.235558e+01 1.689338e-02 -4.431333e+00
3.140757e-02 7.788785e+01 1.796490e-02 -4.410834e+00
3.252672e-02 7.377945e+01 1.905405e-02 -4.390561e+00
3.364586e-02 6.999189e+01 2.016009e-02 -4.370515e+00
3.476501e-02 6.649182e+01 2.128234e-02 -4.350693e+00
3.588415e-02 6.325021e+01 2.242014e-02 -4.331094e+00
3.700329e-02 6.024166e+01 2.357287e-02 -4.311715e+00
3.812244e-02 5.744391e+01 2.473994e-02 -4.292553e+00
3.924158e-02 5.483730e+01 2.592077e-02 -4.273606e+00
4.036073e-02 5.240450e+01 2.711485e-02 -4.254870e+00
4.147987e-02 5.013009e+01 2.832164e-02 -4.236343e+00
4.259902e-02 4.800040e+01 2.954065e-02 -4.218021e+00
4.371816e-02 4.600320e+01 3.077143e-02 -4.199901e+00
4.483731e-02 4.412754e+01 3.201351e-02 -4.181980e+00
4.595645e-02 4.236362e+01 3.326647e-02 -4.164254e+00
4.707559e-02 4.070262e+01 3.452990e-02 -4.146720e+00
4.819474e-02 3.913656e+01 3.580339e-02 -4.129374e+00
4.931388e-02 3.765827e+01 3.708658e-02 -4.112214e+00
5.043303e-02 3.626123e+01 3.837909e-02 -4.095235e+00
5.155217e-02 3.493952e+01 3.968058e-02 -4.078436e+00
5.267132e-02 3.368777e+01 4.099071e-02 -4.061812e+00
5.379046e-02 3.250108e+01 4.230915e-02 -4.045361e+00
5.490961e-02 3.137498e+01 4.363561e-02 -4.029079e+00
5.602875e-02 3.030538e+01 4.496977e-02 -4.012964e+00
5.714789e-02 2.928853e+01 4.631135e-02 -3.997012e+00
5.826704e-02 2.832100e+01 4.766008e-02 -3.981221e+00
5.938618e-02 2.739963e+01 4.901568e-02 -3.965587e+00
6.050533e-02 2.652150e+01 5.037790e-02 -3.950109e+00
6.162447e-02 2.568395e+01 5.174649e-02 -3.934783e+00
6.274362e-02 2.488450e+01 5.312122e-02 -3.919607e+00
6.386276e-02 2.412087e+01 5.450184e-02 -3.904578e+00
6.498191e-02 2.339093e+01 5.588814e-02 -3.889694e+00
6.610105e-02 2.269274e+01 5.727990e-02 -3.874951e+00
6.722019e-02 2.202446e+01 5.867691e-02 -3.860348e+00
6.833934e-02 2.138443e+01 6.007898e-02 -3.845883e+00
6.945848e-02 2.077105e+01 6.148591e-02 -3.831552e+00
7.057763e-02 2.018288e+01 6.289750e-02 -3.817355e+00
7.169677e-02 1.961854e+01 6.431358e-02 -3.803288e+00
7.281592e-02 1.907678e+01 6.573397e-02 -3.789349e+00
7.393506e-02 1.855640e+01 6.715851e-02 -3.775536e+00
7.505421e-02 1.805630e+01 6.858702e-02 -3.761848e+00
7.617335e-02 1.757543e+01 7.001934e-02 -3.748282e+00
7.729249e-02 1.711282e+01 7.145533e-02 -3.734836e+00
7.841164e-02 1.666758e+01 7.289483e-02 -3.721508e+00
7.953078e-02 1.623883e+01 7.433769e-02 -3.708297e+00
8.064993e-02 1.582578e+01 7.578378e-02 -3.695201e+00
8.176907e-02 1.542767e+01 7.723296e-02 -3.682217e+00
8.288822e-02 1.504380e+01 7.868510e-02 -3.669345e+00
8.400736e-02 1.467350e+01 8.014006e-02 -3.656581e+00
8.512651e-02 1.431613e+01 8.159772e-02 -3.643926e+00
8.624565e-02 1.397112e+01 8.305797e-02 -3.631376e+00
8.736479e-02 1.363789e+01 8.452069e-02 -3.618931e+00
8.848394e-02 1.331593e+01 8.598575e-02 -3.606589e+00
8.960308e-02 1.300473e+01 8.745305e-02 -3.594348e+00
9.072223e-02 1.270382e+01 8.892249e-02 -3.582207e+00
9.184137e-02 1.241277e+01 9.039395e-02 -3.570164e+00
9.296052e-02 1.213113e+01 9.186734e-02 -3.558219e+00
9.407966e-02 1.185853e+01 9.334256e-02 -3.546368e+00
9.519881e-02 1.159457e+01 9.481951e-02 -3.534612e+00
9.631795e-02 1.133891e+01 9.629810e-02 -3.522949e+00
9.743709e-02 1.109120e+01 9.777824e-02 -3.511378e+00
9.855624e-02 1.085111e+01 9.925984e-02 -3.499896e+00
9.967538e-02 1.061835e+01 1.007428e-01 -3.488504e+00
1.007945e-01 1.039261e+01 1.022271e-01 -3.477199e+00
1.019137e-01 1.017363e+01 1.037126e-01 -3.465981e+00
1.030328e-01 9.961141e+00 1.051992e-01 -3.454848e+00
1.041520e-01 9.754889e+00 1.066868e-01 -3.443799e+00
1.052711e-01 9.554637e+00 1.081755e-01 -3.432833e+00
1.063902e-01 9.360158e+00 1.096650e-01 -3.421949e+00
1.075094e-01 9.171235e+00 1.111554e-01 -3.411146e+00
1.086285e-01 8.987662e+00 1.126466e-01 -3.400423e+00
1.097477e-01 8.809241e+00 1.141384e-01 -3.389778e+00
1.108668e-01 8.635783e+00 1.156309e-01 -3.379211e+00
1.119860e-01 8.467110e+00 1.171240e-01 -3.368721e+00
1.131051e-01 8.303049e+00 1.186176e-01 -3.358306e+00
1.142243e-01 8.143437e+00 1.201116e-01 -3.347966e+00
1.153434e-01 7.988116e+00 1.216060e-01 -3.337700e+00
1.164625e-01 7.836937e+00 1.231008e-01 -3.327507e+00
1.175817e-01 7.689756e+00 1.245958e-01 -3.317385e+00
1.187008e-01 7.546435e+00 1.260911e-01 -3.307334e+00
1.198200e-01 7.406844e+00 1.275865e-01 -3.297354e+00
1.209391e-01 7.270856e+00 1.290821e-01 -3.287442e+00
1.220583e-01 7.138350e+00 1.305777e-01 -3.277599e+00
1.231774e-01 7.009211e+00 1.320733e-01 -3.267824e+00
1.242966e-01 6.883328e+00 1.335689e-01 -3.258115e+00
1.254157e-01 6.760593e+00 1.350645e-01 -3.248472e+00
1.265348e-01 6.640906e+00 1.365599e-01 -3.238895e+00
1.276540e-01 6.524167e+00 1.380552e-01 -3.229381e+00
1.287731e-01 6.410283e+00 1.395502e-01 -3.219931e+00
1.298923e-01 6.299164e+00 1.410450e-01 -3.210544e+00
1.310114e-01 6.190721e+00 1.425395e-01 -3.201219e+00
1.321306e-01 6.084872e+00 1.440337e-01 -3.191956e+00
1.332497e-01 5.981536e+00 1.455275e-01 -3.182753e+00
1.343689e-01 5.880636e+00 1.470210e-01 -3.173610e+00
1.354880e-01 5.782098e+00 1.485139e-01 -3.164526e+00
1.366071e-01 5.685850e+00 1.500064e-01 -3.155501e+00
1.377263e-01 5.591823e+00 1.514984e-01 -3.146534e+00
1.388454e-01 5.499951e+00 1.529898e-01 -3.137624e+00
1.399646e-01 5.410170e+00 1.544806e-01 -3.128770e+00
1.410837e-01 5.322418e+00 1.559709e-01 -3.119973e+00
1.422029e-01 5.236636e+00 1.574604e-01 -3.111231e+00
1.433220e-01 5.152768e+00 1.589493e-01 -3.102543e+00
1.444412e-01 5.070757e+00 1.604375e-01 -3.093910e+00
1.455603e-01 4.990550e+00 1.619250e-01 -3.085331e+00
1.466794e-01 4.912097e+00 1.634116e-01 -3.076804e+00
1.477986e-01 4.835348e+00 1.648975e-01 -3.068330e+00
1.489177e-01 4.760254e+00 1.663826e-01 -3.059907e+00
1.500369e-01 4.686770e+00 1.678668e-01 -3.051536e+00
1.511560e-01 4.614852e+00 1.693501e-01 -3.043216e+00
1.522752e-01 4.544456e+00 1.708325e-01 -3.034946e+00
1.533943e-01 4.475540e+00 1.723140e-01 -3.026725e+00
1.545135e-01 4.408065e+00 1.737945e-01 -3.018554e+00
1.556326e-01 4.341992e+00 1.752741e-01 -3.010431e+00
1.567517e-01 4.277283e+00 1.767526e-01 -3.002357e+00
1.578709e-01 4.213901e+00 1.782302e-01 -2.994330e+00
1.589900e-01 4.151812e+00 1.797067e-01 -2.986350e+00
1.601092e-01 4.090982e+00 1.811821e-01 -2.978417e+00
1.612283e-01 4.031377e+00 1.826564e-01 -2.970530e+00
1.623475e-01 3.972966e+00 1.841296e-01 -2.962689e+00
1.634666e-01 3.915719e+00 1.856017e-01 -2.954893e+00
1.645858e-01 3.859605e+00 1.870726e-01 -2.947142e+00
1.657049e-01 3.804595e+00 1.885424e-01 -2.939435e+00
1.668240e-01 3.750661e+00 1.900110e-01 -2.931772e+00
1.679432e-01 3.697777e+00 1.914784e-01 -2.924153e+00
1.690623e-01 3.645916e+00 1.929445e-01 -2.916576e+00
1.701815e-01 3.595052e+00 1.944094e-01 -2.909043e+00
1.713006e-01 3.545161e+00 1.958731e-01 -2.901551e+00
1.724198e-01 3.496219e+00 1.973355e-01 -2.894102e+00
1.735389e-01 3.448203e+00 1.987966e-01 -2.886693e+00
1.746581e-01 3.401090e+00 2.002563e-01 -2.879326e+00
1.757772e-01 3.354859e+00 2.017148e-01 -2.872000e+00
1.768963e-01 3.309487e+00 2.031719e-01 -2.864713e+00
1.780155e-01 3.264955e+00 2.046277e-01 -2.857467e+00
1.791346e-01 3.221243e+00 2.060821e-01 -2.850260e+00
1.802538e-01 3.178330e+00 2.075351e-01 -2.843092e+00
1.813729e-01 3.136200e+00 2.089867e-01 -2.835963e+00
1.824921e-01 3.094832e+00 2.104369e-01 -2.828872e+00
1.836112e-01 3.054210e+00 2.118857e-01 -2.821819e+00
1.847304e-01 3.014315e+00 2.133331e-01 -2.814804e+00
1.858495e-01 2.975133e+00 2.147790e-01 -2.807827e+00
1.869686e-01 2.936645e+00 2.162235e-01 -2.800886e+00
1.880878e-01 2.898836e+00 2.176665e-01 -2.793982e+00
1.892069e-01 2.861692e+00 2.191080e-01 -2.787114e+00
1.903261e-01 2.825196e+00 2.205480e-01 -2.780282e+00
1.914452e-01 2.789335e+00 2.219865e-01 -2.773486e+00
1.925644e-01 2.754094e+00 2.234235e-01 -2.766725e+00
1.936835e-01 2.719459e+00 2.248590e-01 -2.759999e+00
1.948027e-01 2.685417e+00 2.262929e-01 -2.753308e+00
1.959218e-01 2.651956e+00 2.277253e-01 -2.746652e+00
1.970409e-01 2.619062e+00 2.291561e-01 -2.740029e+00
1.981601e-01 2.586723e+00 2.305854e-01 -2.733441e+00
1.992792e-01 2.554927e+00 2.320131e-01 -2.726886e+00
2.003984e-01 2.523662e+00 2.334392e-01 -2.720364e+00
2.015175e-01 2.492918e+00 2.348638e-01 -2.713875e+00
2.026367e-01 2.462682e+00 2.362867e-01 -2.707418e+00
2.037558e-01 2.432944e+00 2.377080e-01 -2.700994e+00
2.048750e-01 2.403694e+00 2.391278e-01 -2.694603e+00
2.059941e-01 2.374922e+00 2.405458e-01 -2.688242e+00
2.071132e-01 2.346617e+00 2.419623e-01 -2.681914e+00
2.082324e-01 2.318769e+00 2.433771e-01 -2.675617e+00
2.093515e-01 2.291370e+00 2.447903e-01 -2.669351e+00
2.104707e-01 2.264410e+00 2.462018e-01 -2.663115e+00
2.115898e-01 2.237879e+00 2.476117e-01 -2.656910e+00
2.127090e-01 2.211770e+00 2.490199e-01 -2.650736e+00
2.138281e-01 2.186074e+00 2.504264e-01 -2.644591e+00
2.149473e-01 2.160782e+00 2.518313e-01 -2.638476e+00
2.160664e-01 2.135886e+00 2.532345e-01 -2.632391e+00
2.171855e-01 2.111378e+00 2.546359e-01 -2.626335e+00
2.183047e-01 2.087251e+00 2.560357e-01 -2.620308e+00
2.194238e-01 2.063497e+00 2.574338e-01 -2.614310e+00
2.205430e-01 2.040108e+00 2.588302e-01 -2.608340e+00
2.216621e-01 2.017078e+00 2.602248e-01 -2.602399e+00
2.227813e-01 1.994400e+00 2.616178e-01 -2.596485e+00
2.239004e-01 1.972065e+00 2.630090e-01 -2.590600e+00
2.250196e-01 1.950069e+00 2.643985e-01 -2.584742e+00
2.261387e-01 1.928404e+00 2.657863e-01 -2.578912e+00
2.272578e-01 1.907064e+00 2.671723e-01 -2.573109e+00
2.283770e-01 1.886042e+00 2.685566e-01 -2.567333e+00
2.294961e-01 1.865333e+00 2.699391e-01 -2.561584e+00
2.306153e-01 1.844931e+00 2.713199e-01 -2.555861e+00
2.317344e-01 1.824830e+00 2.726989e-01 -2.550165e+00
2.328536e-01 1.805024e+00 2.740762e-01 -2.544494e+00
2.339727e-01 1.785508e+00 2.754517e-01 -2.538850e+00
2.350919e-01 1.766276e+00 2.768255e-01 -2.533232e+00
2.362110e-01 1.747324e+00 2.781975e-01 -2.527639e+00
2.373301e-01 1.728645e+00 2.795677e-01 -2.522072e+00
2.384493e-01 1.710235e+00 2.809361e-01 -2.516529e+00
2.395684e-01 1.692088e+00 2.823028e-01 -2.511012e+00
2.406876e-01 1.674201e+00 2.836677e-01 -2.505520e+00
2.418067e-01 1.656568e+00 2.850308e-01 -2.500052e+00
2.429259e-01 1.639185e+00 2.863921e-01 -2.494608e+00
2.440450e-01 1.622047e+00 2.877516e-01 -2.489189e+00
2.451642e-01 1.605150e+00 2.891093e-01 -2.483794e+00
2.462833e-01 1.588490e+00 2.904653e-01 -2.478423e+00
2.474024e-01 1.572062e+00 2.918194e-01 -2.473075e+00
2.485216e-01 1.555861e+00 2.931717e-01 -2.467751e+00
2.496407e-01 1.539886e+00 2.945223e-01 -2.462451e+00
2.507599e-01 1.524130e+00 2.958710e-01 -2.457173e+00
2.518790e-01 1.508590e+00 2.972179e-01 -2.451919e+00
2.529982e-01 1.493263e+00 2.985630e-01 -2.446687e+00
2.541173e-01 1.478145e+00 2.999063e-01 -2.441478e+00
2.552365e-01 1.463232e+00 3.012478e-01 -2.436292e+00
2.563556e-01 1.448521e+00 3.025875e-01 -2.431128e+00
2.574747e-01 1.434008e+00 3.039254e-01 -2.425986e+00
2.585939e-01 1.419690e+00 3.052614e-01 -2.420866e+00
2.597130e-01 1.405563e+00 3.065956e-01 -2.415768e+00
2.608322e-01 1.391625e+00 3.079281e-01 -2.410692e+00
2.619513e-01 1.377871e+00 3.092586e-01 -2.405637e+00
2.630705e-01 1.364299e+00 3.105874e-01 -2.400604e+00
2.641896e-01 1.350907e+00 3.119143e-01 -2.395592e+00
2.653088e-01 1.337690e+00 3.132395e-01 -2.390601e+00
2.664279e-01 1.324646e+00 3.145628e-01 -2.385631e+00
2.675470e-01 1.311772e+00 3.158842e-01 -2.380682e+00
2.686662e-01 1.299065e+00 3.172038e-01 -2.375754e+00
2.697853e-01 1.286522e+00 3.185217e-01 -2.370846e+00
2.709045e-01 1.274142e+00 3.198376e-01 -2.365959e+00
2.720236e-01 1.261920e+00 3.211518e-01 -2.361091e+00
2.731428e-01 1.249855e+00 3.224641e-01 -2.356244e+00
2.742619e-01 1.237944e+00 3.237746e-01 -2.351417e+00
2.753811e-01 1.226185e+00 3.250832e-01 -2.346610e+00
2.765002e-01 1.214574e+00 3.263901e-01 -2.341822e+00
2.776193e-01 1.203110e+00 3.276950e-01 -2.337054e+00
2.787385e-01 1.191790e+00 3.289982e-01 -2.332305e+00
2.798576e-01 1.180613e+00 3.302995e-01 -2.327576e+00
2.809768e-01 1.169575e+00 3.315990e-01 -2.322865e+00
2.820959e-01 1.158674e+00 3.328966e-01 -2.318174e+00
2.832151e-01 1.147909e+00 3.341925e-01 -2.313502e+00
2.843342e-01 1.137277e+00 3.354864e-01 -2.308849e+00
2.854534e-01 1.126776e+00 3.367786e-01 -2.304214e+00
2.865725e-01 1.116404e+00 3.380689e-01 -2.299597e+00
2.876916e-01 1.106159e+00 3.393574e-01 -2.295000e+00
2.888108e-01 1.096039e+00 3.406440e-01 -2.290420e+00
2.899299e-01 1.086042e+00 3.419288e-01 -2.285859e+00
2.910491e-01 1.076166e+00 3.432118e-01 -2.281315e+00
2.921682e-01 1.066410e+00 3.444930e-01 -2.276790e+00
2.932874e-01 1.056771e+00 3.457723e-01 -2.272282e+00
2.944065e-01 1.047248e+00 3.470497e-01 -2.267792e+00
2.955257e-01 1.037839e+00 3.483254e-01 -2.263320e+00
2.966448e-01 1.028542e+00 3.495992e-01 -2.258865e+00
2.977639e-01 1.019356e+00 3.508712e-01 -2.254428e+00
2.988831e-01 1.010278e+00 3.521413e-01 -2.250007e+00
3.000022e-01 1.001308e+00 3.534096e-01 -2.245604e+00
3.011214e-01 9.924434e-01 3.546761e-01 -2.241218e+00
3.022405e-01 9.836829e-01 3.559408e-01 -2.236849e+00
3.033597e-01 9.750248e-01 3.572036e-01 -2.232497e+00
3.044788e-01 9.664678e-01 3.584646e-01 -2.228161e+00
3.055980e-01 9.580102e-01 3.597237e-01 -2.223842e+00
3.067171e-01 9.496506e-01 3.609811e-01 -2.219539e+00
3.078362e-01 9.413876e-01 3.622366e-01 -2.215253e+00
3.089554e-01 9.332198e-01 3.634903e-01 -2.210983e+00
3.100745e-01 9.251458e-01 3.647421e-01 -2.206730e+00
3.111937e-01 9.171642e-01 3.659922e-01 -2.202492e+00
3.123128e-01 9.092737e-01 3.672404e-01 -2.198271e+00
3.134320e-01 9.014729e-01 3.684867e-01 -2.194065e+00
3.145511e-01 8.937607e-01 3.697313e-01 -2.189875e+00
3.156703e-01 8.861356e-01 3.709741e-01 -2.185701e+00
3.167894e-01 8.785965e-01 3.722150e-01 -2.181542e+00
3.179085e-01 8.711421e-01 3.734541e-01 -2.177399e+00
3.190277e-01 8.637712e-01 3.746914e-01 -2.173271e+00
3.201468e-01 8.564826e-01 3.759268e-01 -2.169159e+00
3.212660e-01 8.492753e-01 3.771605e-01 -2.165062e+00
3.223851e-01 8.421479e-01 3.783923e-01 -2.160979e+00
3.235043e-01 8.350995e-01 3.796224e-01 -2.156912e+00
3.246234e-01 8.281289e-01 3.808506e-01 -2.152860e+00
3.257426e-01 8.212350e-01 3.820770e-01 -2.148823e+00
3.268617e-01 8.144167e-01 3.833016e-01 -2.144801e+00
3.279808e-01 8.076730e-01 3.845244e-01 -2.140793e+00
3.291000e-01 8.010029e-01 3.857453e-01 -2.136800e+00
3.302191e-01 7.944054e-01 3.869645e-01 -2.132821e+00
3.313383e-01 7.878794e-01 3.881819e-01 -2.128856e+00
3.324574e-01 7.814239e-01 3.893974e-01 -2.124907e+00
3.335766e-01 7.750381e-01 3.906112e-01 -2.120971e+00
3.346957e-01 7.687210e-01 3.918232e-01 -2.117049e+00
3.358149e-01 7.624715e-01 3.930333e-01 -2.113142e+00
3.369340e-01 7.562889e-01 3.942417e-01 -2.109248e+00
3.380531e-01 7.501722e-01 3.954482e-01 -2.105369e+00
3.391723e-01 7.441205e-01 3.966530e-01 -2.101503e+00
3.402914e-01 7.381329e-01 3.978560e-01 -2.097651e+00
3.414106e-01 7.322086e-01 3.990572e-01 -2.093813e+00
3.425297e-01 7.263468e-01 4.002566e-01 -2.089988e+00
3.436489e-01 7.205466e-01 4.014542e-01 -2.086177e+00
3.447680e-01 7.148072e-01 4.026500e-01 -2.082379e+00
3.458872e-01 7.091277e-01 4.038440e-01 -2.078595e+00
3.470063e-01 7.035075e-01 4.050362e-01 -2.074824e+00
3.481254e-01 6.979456e-01 4.062267e-01 -2.071066e+00
3.492446e-01 6.924415e-01 4.074154e-01 -2.067321e+00
3.503637e-01 6.869942e-01 4.086023e-01 -2.063589e+00
3.514829e-01 6.816030e-01 4.097874e-01 -2.059870e+00
3.526020e-01 6.762673e-01 4.109707e-01 -2.056165e+00
3.537212e-01 6.709863e-01 4.121523e-01 -2.052472e+00
3.548403e-01 6.657593e-01 4.133321e-01 -2.048791e+00
3.559595e-01 6.605856e-01 4.145101e-01 -2.045124e+00
3.570786e-01 6.554645e-01 4.156864e-01 -2.041469e+00
3.581977e-01 6.503953e-01 4.168608e-01 -2.037827e+00
3.593169e-01 6.453775e-01 4.180336e-01 -2.034197e+00
3.604360e-01 6.404102e-01 4.192045e-01 -2.030579e+00
3.615552e-01 6.354929e-01 4.203737e-01 -2.026974e+00
3.626743e-01 6.306249e-01 4.215411e-01 -2.023382e+00
3.637935e-01 6.258057e-01 4.227068e-01 -2.019801e+00
3.649126e-01 6.210346e-01 4.238707e-01 -2.016233e+00
3.660318e-01 6.163109e-01 4.250328e-01 -2.012676e+00
3.671509e-01 6.116342e-01 4.261932e-01 -2.009132e+00
3.682700e-01 6.070038e-01 4.273519e-01 -2.005599e+00
3.693892e-01 6.024191e-01 4.285088e-01 -2.002079e+00
3.705083e-01 5.978796e-01 4.296639e-01 -1.998570e+00
3.716275e-01 5.933847e-01 4.308173e-01 -1.995073e+00
3.727466e-01 5.889338e-01 4.319689e-01 -1.991588e+00
3.738658e-01 5.845264e-01 4.331188e-01 -1.988114e+00
3.749849e-01 5.801620e-01 4.342670e-01 -1.984652e+00
3.761041e-01 5.758401e-01 4.354134e-01 -1.981202e+00
3.772232e-01 5.715601e-01 4.365581e-01 -1.977762e+00
3.783423e-01 5.673215e-01 4.377010e-01 -1.974335e+00
3.794615e-01 5.631238e-01 4.388422e-01 -1.970918e+00
3.805806e-01 5.589665e-01 4.399817e-01 -1.967513e+00
3.816998e-01 5.548491e-01 4.411195e-01 -1.964119e+00
3.828189e-01 5.507712e-01 4.422555e-01 -1.960736e+00
3.839381e-01 5.467322e-01 4.433898e-01 -1.957364e+00
3.850572e-01 5.427318e-01 4.445223e-01 -1.954003e+00
3.861764e-01 5.387693e-01 4.456532e-01 -1.950654e+00
3.872955e-01 5.348444e-01 4.467823e-01 -1.947315e+00
3.884146e-01 5.309567e-01 4.479097e-01 -1.943987e+00
3.895338e-01 5.271056e-01 4.490354e-01 -1.940669e+00
3.906529e-01 5.232908e-01 4.501593e-01 -1.937363e+00
3.917721e-01 5.195118e-01 4.512816e-01 -1.934067e+00
3.928912e-01 5.157682e-01 4.524021e-01 -1.930782e+00
3.940104e-01 5.120596e-01 4.535210e-01 -1.927507e+00
3.951295e-01 5.083855e-01 4.546381e-01 -1.924243e+00
3.962487e-01 5.047457e-01 4.557535e-01 -1.920989e+00
3.973678e-01 5.011395e-01 4.568672e-01 -1.917746e+00
3.984869e-01 4.975668e-01 4.579792e-01 -1.914513e+00
3.996061e-01 4.940270e-01 4.590895e-01 -1.911290e+00
4.007252e-01 4.905198e-01 4.601981e-01 -1.908078e+00
4.018444e-01 4.870448e-01 4.613050e-01 -1.904876e+00
4.029635e-01 4.836017e-01 4.624103e-01 -1.901684e+00
4.040827e-01 4.801901e-01 4.635138e-01 -1.898502e+00
4.052018e-01 4.768096e-01 4.646156e-01 -1.895330e+00
4.063210e-01 4.734598e-01 4.657158e-01 -1.892168e+00
4.074401e-01 4.701405e-01 4.668142e-01 -1.889016e+00
4.085592e-01 4.668512e-01 4.679110e-01 -1.885874e+00
4.096784e-01 4.635916e-01 4.690061e-01 -1.882741e+00
4.107975e-01 4.603614e-01 4.700995e-01 -1.879619e+00
4.119167e-01 4.571603e-01 4.711912e-01 -1.876506e+00
4.130358e-01 4.539879e-01 4.722813e-01 -1.873403e+00
4.141550e-01 4.508439e-01 4.733697e-01 -1.870310e+00
4.152741e-01 4.477279e-01 4.744564e-01 -1.867226e+00
4.163933e-01 4.446397e-01 4.755414e-01 -1.864152e+00
4.175124e-01 4.415790e-01 4.766248e-01 -1.861087e+00
4.186315e-01 4.385454e-01 4.777065e-01 -1.858032e+00
4.197507e-01 4.355387e-01 4.787866e-01 -1.854986e+00
4.208698e-01 4.325585e-01 4.798649e-01 -1.851949e+00
4.219890e-01 4.296046e-01 4.809417e-01 -1.848922e+00
4.231081e-01 4.266766e-01 4.820167e-01 -1.845904e+00
4.242273e-01 4.237743e-01 4.830901e-01 -1.842895e+00
4.253464e-01 4.208973e-01 4.841619e-01 -1.839896e+00
4.264656e-01 4.180455e-01 4.852320e-01 -1.836905e+00
4.275847e-01 4.152185e-01 4.863004e-01 -1.833924e+00
4.287038e-01 4.124161e-01 4.873672e-01 -1.830952e+00
4.298230e-01 4.096380e-01 4.884324e-01 -1.827989e+00
4.309421e-01 4.068839e-01 4.894959e-01 -1.825034e+00
4.320613e-01 4.041536e-01 4.905577e-01 -1.822089e+00
4.331804e-01 4.014468e-01 4.916179e-01 -1.819152e+00
4.342996e-01 3.987633e-01 4.926765e-01 -1.816225e+00
4.354187e-01 3.961027e-01 4.937335e-01 -1.813306e+00
4.365379e-01 3.934649e-01 4.947888e-01 -1.810396e+00
4.376570e-01 3.908497e-01 4.958425e-01 -1.807494e+00
4.387761e-01 3.882567e-01 4.968945e-01 -1.804601e+00
4.398953e-01 3.856858e-01 4.979450e-01 -1.801717e+00
4.410144e-01 3.831366e-01 4.989938e-01 -1.798842e+00
4.421336e-01 3.806090e-01 5.000409e-01 -1.795975e+00
4.432527e-01 3.781028e-01 5.010865e-01 -1.793116e+00
4.443719e-01 3.756177e-01 5.021304e-01 -1.790266e+00
4.454910e-01 3.731535e-01 5.031727e-01 -1.787424e+00
4.466102e-01 3.707099e-01 5.042134e-01 -1.784591e+00
4.477293e-01 3.682868e-01 5.052525e-01 -1.781766e+00
4.488484e-01 3.658839e-01 5.062900e-01 -1.778950e+00
4.499676e-01 3.635011e-01 5.073258e-01 -1.776141e+00
4.510867e-01 3.611381e-01 5.083601e-01 -1.773341e+00
4.522059e-01 3.587947e-01 5.093927e-01 -1.770549e+00
4.533250e-01 3.564707e-01 5.104238e-01 -1.767766e+00
4.544442e-01 3.541659e-01 5.114532e-01 -1.764990e+00
4.555633e-01 3.518801e-01 5.124811e-01 -1.762222e+00
4.566825e-01 3.496131e-01 5.135073e-01 -1.759463e+00
4.578016e-01 3.473648e-01 5.145320e-01 -1.756711e+00
4.589207e-01 3.451349e-01 5.155550e-01 -1.753968e+00
4.600399e-01 3.429232e-01 5.165765e-01 -1.751232e+00
4.611590e-01 3.407295e-01 5.175963e-01 -1.748504e+00
4.622782e-01 3.385537e-01 5.186146e-01 -1.745784e+00
4.633973e-01 3.363956e-01 5.196313e-01 -1.743072e+00
4.645165e-01 3.342550e-01 5.206464e-01 -1.740368e+00
4.656356e-01 3.321317e-01 5.216600e-01 -1.737672e+00
4.667548e-01 3.300256e-01 5.226719e-01 -1.734983e+00
4.678739e-01 3.279365e-01 5.236823e-01 -1.732302e+00
4.689930e-01 3.258641e-01 5.246911e-01 -1.729628e+00
4.701122e-01 3.238084e-01 5.256983e-01 -1.726962e+00
4.712313e-01 3.217691e-01 5.267040e-01 -1.724304e+00
4.723505e-01 3.197462e-01 5.277081e-01 -1.721653e+00
4.734696e-01 3.177394e-01 5.287106e-01 -1.719010e+00
4.745888e-01 3.157486e-01 5.297115e-01 -1.716374e+00
4.757079e-01 3.137735e-01 5.307109e-01 -1.713746e+00
4.768271e-01 3.118142e-01 5.317087e-01 -1.711125e+00
4.779462e-01 3.098704e-01 5.327050e-01 -1.708512e+00
4.790653e-01 3.079419e-01 5.336997e-01 -1.705905e+00
4.801845e-01 3.060286e-01 5.346929e-01 -1.703306e+00
4.813036e-01 3.041303e-01 5.356844e-01 -1.700715e+00
4.824228e-01 3.022470e-01 5.366745e-01 -1.698131e+00
4.835419e-01 3.003784e-01 5.376630e-01 -1.695553e+00
4.846611e-01 2.985244e-01 5.386499e-01 -1.692983e+00
4.857802e-01 2.966849e-01 5.396353e-01 -1.690421e+00
4.868994e-01 2.948597e-01 5.406192e-01 -1.687865e+00
4.880185e-01 2.930487e-01 5.416015e-01 -1.685316e+00
4.891376e-01 2.912518e-01 5.425823e-01 -1.682775e+00
4.902568e-01 2.894688e-01 5.435615e-01 -1.680240e+00
4.913759e-01 2.876995e-01 5.445392e-01 -1.677713e+00
4.924951e-01 2.859439e-01 5.455154e-01 -1.675192e+00
4.936142e-01 2.842018e-01 5.464900e-01 -1.672679e+00
4.947334e-01 2.824731e-01 5.474631e-01 -1.670172e+00
4.958525e-01 2.807576e-01 5.484347e-01 -1.667672e+00
4.969717e-01 2.790553e-01 5.494047e-01 -1.665180e+00
4.980908e-01 2.773660e-01 5.503732e-01 -1.662693e+00
4.992099e-01 2.756895e-01 5.513402e-01 -1.660214e+00
5.003291e-01 2.740259e-01 5.523057e-01 -1.657742e+00
5.014482e-01 2.723748e-01 5.532696e-01 -1.655276e+00
5.025674e-01 2.707363e-01 5.542321e-01 -1.652817e+00
5.036865e-01 2.691101e-01 5.551930e-01 -1.650364e+00
5.048057e-01 2.674962e-01 5.561524e-01 -1.647918e+00
5.059248e-01 2.658945e-01 5.571103e-01 -1.645479e+00
5.070440e-01 2.643049e-01 5.580667e-01 -1.643047e+00
5.081631e-01 2.627271e-01 5.590216e-01 -1.640621e+00
5.092822e-01 2.611612e-01 5.599750e-01 -1.638201e+00
5.104014e-01 2.596071e-01 5.609268e-01 -1.635788e+00
5.115205e-01 2.580645e-01 5.618772e-01 -1.633382e+00
5.126397e-01 2.565334e-01 5.628261e-01 -1.630982e+00
5.137588e-01 2.550137e-01 5.637735e-01 -1.628588e+00
5.148780e-01 2.535053e-01 5.647193e-01 -1.626201e+00
5.159971e-01 2.520080e-01 5.656637e-01 -1.623820e+00
5.171163e-01 2.505218e-01 5.666066e-01 -1.621445e+00
5.182354e-01 2.490466e-01 5.675480e-01 -1.619077e+00
5.193545e-01 2.475823e-01 5.684879e-01 -1.616715e+00
5.204737e-01 2.461287e-01 5.694263e-01 -1.614360e+00
5.215928e-01 2.446859e-01 5.703633e-01 -1.612010e+00
5.227120e-01 2.432536e-01 5.712987e-01 -1.609667e+00
5.238311e-01 2.418317e-01 5.722327e-01 -1.607330e+00
5.249503e-01 2.404203e-01 5.731652e-01 -1.604999e+00
5.260694e-01 2.390191e-01 5.740962e-01 -1.602675e+00
5.271886e-01 2.376281e-01 5.750258e-01 -1.600356e+00
5.283077e-01 2.362472e-01 5.759539e-01 -1.598044e+00
5.294268e-01 2.348764e-01 5.768805e-01 -1.595737e+00
5.305460e-01 2.335154e-01 5.778056e-01 -1.593437e+00
5.316651e-01 2.321643e-01 5.787292e-01 -1.591143e+00
5.327843e-01 2.308229e-01 5.796514e-01 -1.588854e+00
5.339034e-01 2.294912e-01 5.805722e-01 -1.586572e+00
5.350226e-01 2.281691e-01 5.814914e-01 -1.584296e+00
5.361417e-01 2.268564e-01 5.824092e-01 -1.582025e+00
5.372609e-01 2.255531e-01 5.833256e-01 -1.579761e+00
5.383800e-01 2.242592e-01 5.842405e-01 -1.577502e+00
5.394992e-01 2.229744e-01 5.851539e-01 -1.575249e+00
5.406183e-01 2.216988e-01 5.860659e-01 -1.573002e+00
5.417374e-01 2.204323e-01 5.869764e-01 -1.570761e+00
5.428566e-01 2.191748e-01 5.878855e-01 -1.568525e+00
5.439757e-01 2.179261e-01 5.887932e-01 -1.566295e+00
5.450949e-01 2.166863e-01 5.896993e-01 -1.564071e+00
5.462140e-01 2.154553e-01 5.906041e-01 -1.561853e+00
5.473332e-01 2.142329e-01 5.915074e-01 -1.559641e+00
5.484523e-01 2.130191e-01 5.924092e-01 -1.557434e+00
5.495715e-01 2.118139e-01 5.933097e-01 -1.555232e+00
5.506906e-01 2.106170e-01 5.942087e-01 -1.553037e+00
5.518097e-01 2.094286e-01 5.951062e-01 -1.550847e+00
5.529289e-01 2.082485e-01 5.960023e-01 -1.548662e+00
5.540480e-01 2.070765e-01 5.968970e-01 -1.546483e+00
5.551672e-01 2.059128e-01 5.977903e-01 -1.544310e+00
5.562863e-01 2.047571e-01 5.986821e-01 -1.542142e+00
5.574055e-01 2.036095e-01 5.995725e-01 -1.539980e+00
5.585246e-01 2.024697e-01 6.004614e-01 -1.537823e+00
5.596438e-01 2.013379e-01 6.013490e-01 -1.535671e+00
5.607629e-01 2.002139e-01 6.022351e-01 -1.533525e+00
5.618820e-01 1.990976e-01 6.031198e-01 -1.531384e+00
5.630012e-01 1.979890e-01 6.040031e-01 -1.529249e+00
5.641203e-01 1.968880e-01 6.048850e-01 -1.527119e+00
5.652395e-01 1.957946e-01 6.057655e-01 -1.524995e+00
5.663586e-01 1.947086e-01 6.066445e-01 -1.522875e+00
5.674778e-01 1.936301e-01 6.075222e-01 -1.520762e+00
5.685969e-01 1.925589e-01 6.083984e-01 -1.518653e+00
5.697161e-01 1.914950e-01 6.092732e-01 -1.516549e+00
5.708352e-01 1.904384e-01 6.101466e-01 -1.514451e+00
5.719543e-01 1.893889e-01 6.110186e-01 -1.512358e+00
5.730735e-01 1.883465e-01 6.118892e-01 -1.510271e+00
5.741926e-01 1.873111e-01 6.127585e-01 -1.508188e+00
5.753118e-01 1.862828e-01 6.136263e-01 -1.506111e+00
5.764309e-01 1.852614e-01 6.144927e-01 -1.504038e+00
5.775501e-01 1.842469e-01 6.153577e-01 -1.501971e+00
5.786692e-01 1.832391e-01 6.162213e-01 -1.499909e+00
5.797884e-01 1.822382e-01 6.170836e-01 -1.497852e+00
5.809075e-01 1.812439e-01 6.179444e-01 -1.495800e+00
5.820266e-01 1.802563e-01 6.188039e-01 -1.493753e+00
5.831458e-01 1.792753e-01 6.196619e-01 -1.491712e+00
5.842649e-01 1.783008e-01 6.205186e-01 -1.489675e+00
5.853841e-01 1.773328e-01 6.213739e-01 -1.487643e+00
5.865032e-01 1.763712e-01 6.222278e-01 -1.485616e+00
5.876224e-01 1.754160e-01 6.230804e-01 -1.483594e+00
5.887415e-01 1.744672e-01 6.239315e-01 -1.481577e+00
5.898607e-01 1.735246e-01 6.247813e-01 -1.479565e+00
5.909798e-01 1.725882e-01 6.256297e-01 -1.477558e+00
5.920989e-01 1.716580e-01 6.264767e-01 -1.475556e+00
5.932181e-01 1.707339e-01 6.273224e-01 -1.473558e+00
5.943372e-01 1.698159e-01 6.281667e-01 -1.471565e+00
5.954564e-01 1.689038e-01 6.290096e-01 -1.469578e+00
5.965755e-01 1.679978e-01 6.298512e-01 -1.467595e+00
5.976947e-01 1.670977e-01 6.306914e-01 -1.465617e+00
5.988138e-01 1.662035e-01 6.315302e-01 -1.463643e+00
5.999330e-01 1.653151e-01 6.323677e-01 -1.461674e+00
6.010521e-01 1.644324e-01 6.332038e-01 -1.459710e+00
6.021712e-01 1.635555e-01 6.340385e-01 -1.457751e+00
6.032904e-01 1.626843e-01 6.348719e-01 -1.455797e+00
6.044095e-01 1.618187e-01 6.357039e-01 -1.453847e+00
6.055287e-01 1.609588e-01 6.365346e-01 -1.451902e+00
6.066478e-01 1.601043e-01 6.373639e-01 -1.449961e+00
6.077670e-01 1.592554e-01 6.381919e-01 -1.448025e+00
6.088861e-01 1.584120e-01 6.390185e-01 -1.446094e+00
6.100053e-01 1.575739e-01 6.398438e-01 -1.444167e+00
6.111244e-01 1.567413e-01 6.406678e-01 -1.442245e+00
6.122435e-01 1.559139e-01 6.414904e-01 -1.440328e+00
6.133627e-01 1.550919e-01 6.423116e-01 -1.438415e+00
6.144818e-01 1.542751e-01 6.431315e-01 -1.436506e+00
6.156010e-01 1.534635e-01 6.439501e-01 -1.434602e+00
6.167201e-01 1.526571e-01 6.447673e-01 -1.432703e+00
6.178393e-01 1.518558e-01 6.455832e-01 -1.430808e+00
6.189584e-01 1.510596e-01 6.463978e-01 -1.428917e+00
6.200776e-01 1.502684e-01 6.472110e-01 -1.427031e+00
6.211967e-01 1.494823e-01 6.480229e-01 -1.425150e+00
6.223158e-01 1.487011e-01 6.488335e-01 -1.423273e+00
6.234350e-01 1.479248e-01 6.496427e-01 -1.421400e+00
6.245541e-01 1.471534e-01 6.504506e-01 -1.419531e+00
6.256733e-01 1.463869e-01 6.512572e-01 -1.417667e+00
6.267924e-01 1.456252e-01 6.520624e-01 -1.415808e+00
6.279116e-01 1.448683e-01 6.528664e-01 -1.413952e+00
6.290307e-01 1.441161e-01 6.536690e-01 -1.412101e+00
6.301499e-01 1.433686e-01 6.544703e-01 -1.410255e+00
6.312690e-01 1.426257e-01 6.552703e-01 -1.408412e+00
6.323881e-01 1.418875e-01 6.560690e-01 -1.406574e+00
6.335073e-01 1.411539e-01 6.568663e-01 -1.404740e+00
6.346264e-01 1.404249e-01 6.576623e-01 -1.402911e+00
6.357456e-01 1.397003e-01 6.584571e-01 -1.401085e+00
6.368647e-01 1.389803e-01 6.592505e-01 -1.399264e+00
6.379839e-01 1.382647e-01 6.600426e-01 -1.397447e+00
6.391030e-01 1.375535e-01 6.608334e-01 -1.395634e+00
6.402222e-01 1.368467e-01 6.616229e-01 -1.393826e+00
6.413413e-01 1.361443e-01 6.624111e-01 -1.392021e+00
6.424604e-01 1.354462e-01 6.631980e-01 -1.390221e+00
6.435796e-01 1.347524e-01 6.639836e-01 -1.388425e+00
6.446987e-01 1.340628e-01 6.647679e-01 -1.386633e+00
6.458179e-01 1.333775e-01 6.655509e-01 -1.384845e+00
6.469370e-01 1.326963e-01 6.663326e-01 -1.383061e+00
6.480562e-01 1.320193e-01 6.671130e-01 -1.381282e+00
6.491753e-01 1.313464e-01 6.678921e-01 -1.379506e+00
6.502945e-01 1.306777e-01 6.686699e-01 -1.377734e+00
6.514136e-01 1.300130e-01 6.694464e-01 -1.375967e+00
6.525327e-01 1.293523e-01 6.702217e-01 -1.374203e+00
6.536519e-01 1.286956e-01 6.709956e-01 -1.372444e+00
6.547710e-01 1.280429e-01 6.717683e-01 -1.370688e+00
6.558902e-01 1.273942e-01 6.725397e-01 -1.368936e+00
6.570093e-01 1.267493e-01 6.733098e-01 -1.367189e+00
6.581285e-01 1.261084e-01 6.740786e-01 -1.365445e+00
6.592476e-01 1.254713e-01 6.748461e-01 -1.363705e+00
6.603668e-01 1.248380e-01 6.756124e-01 -1.361969e+00
6.614859e-01 1.242086e-01 6.763773e-01 -1.360238e+00
6.626050e-01 1.235829e-01 6.771411e-01 -1.358510e+00
6.637242e-01 1.229609e-01 6.779035e-01 -1.356785e+00
6.648433e-01 1.223427e-01 6.786646e-01 -1.355065e+00
6.659625e-01 1.217282e-01 6.794245e-01 -1.353349e+00
6.670816e-01 1.211173e-01 6.801832e-01 -1.351636e+00
6.682008e-01 1.205100e-01 6.809405e-01 -1.349928e+00
6.693199e-01 1.199064e-01 6.816966e-01 -1.348223e+00
6.704391e-01 1.193064e-01 6.824514e-01 -1.346522e+00
6.715582e-01 1.187099e-01 6.832050e-01 -1.344824e+00
6.726773e-01 1.181169e-01 6.839573e-01 -1.343131e+00
6.737965e-01 1.175274e-01 6.847083e-01 -1.341441e+00
6.749156e-01 1.169414e-01 6.854581e-01 -1.339755e+00
6.760348e-01 1.163589e-01 6.862066e-01 -1.338073e+00
6.771539e-01 1.157798e-01 6.869538e-01 -1.336394e+00
6.782731e-01 1.152041e-01 6.876998e-01 -1.334720e+00
6.793922e-01 1.146318e-01 6.884446e-01 -1.333049e+00
6.805114e-01 1.140628e-01 6.891881e-01 -1.331381e+00
6.816305e-01 1.134972e-01 6.899303e-01 -1.329717e+00
6.827496e-01 1.129349e-01 6.906713e-01 -1.328057e+00
6.838688e-01 1.123758e-01 6.914110e-01 -1.326401e+00
6.849879e-01 1.118201e-01 6.921495e-01 -1.324748e+00
6.861071e-01 1.112675e-01 6.928868e-01 -1.323099e+00
6.872262e-01 1.107182e-01 6.936228e-01 -1.321454e+00
6.883454e-01 1.101720e-01 6.943575e-01 -1.319812e+00
6.894645e-01 1.096290e-01 6.950911e-01 -1.318174e+00
6.905837e-01 1.090892e-01 6.958233e-01 -1.316539e+00
6.917028e-01 1.085525e-01 6.965544e-01 -1.314908e+00
6.928219e-01 1.080189e-01 6.972842e-01 -1.313280e+00
6.939411e-01 1.074883e-01 6.980128e-01 -1.311656e+00
6.950602e-01 1.069609e-01 6.987401e-01 -1.310036e+00
6.961794e-01 1.064364e-01 6.994662e-01 -1.308419e+00
6.972985e-01 1.059150e-01 7.001911e-01 -1.306806e+00
6.984177e-01 1.053965e-01 7.009147e-01 -1.305196e+00
6.995368e-01 1.048811e-01 7.016371e-01 -1.303589e+00
7.006560e-01 1.043685e-01 7.023583e-01 -1.301987e+00
7.017751e-01 1.038589e-01 7.030783e-01 -1.300387e+00
7.028942e-01 1.033523e-01 7.037970e-01 -1.298791e+00
7.040134e-01 1.028485e-01 7.045145e-01 -1.297199e+00
7.051325e-01 1.023475e-01 7.052308e-01 -1.295610e+00
7.062517e-01 1.018495e-01 7.059458e-01 -1.294024e+00
7.073708e-01 1.013542e-01 7.066597e-01 -1.292442e+00
7.084900e-01 1.008618e-01 7.073723e-01 -1.290863e+00
7.096091e-01 1.003721e-01 7.080837e-01 -1.289287e+00
7.107283e-01 9.988521e-02 7.087939e-01 -1.287715e+00
7.118474e-01 9.940107e-02 7.095029e-01 -1.286147e+00
7.129665e-01 9.891967e-02 7.102107e-01 -1.284581e+00
7.140857e-01 9.844097e-02 7.109172e-01 -1.283019e+00
7.152048e-01 9.796497e-02 7.116226e-01 -1.281461e+00
7.163240e-01 9.749165e-02 7.123267e-01 -1.279906e+00
7.174431e-01 9.702098e-02 7.130296e-01 -1.278354e+00
7.185623e-01 9.655295e-02 7.137313e-01 -1.276805e+00
7.196814e-01 9.608753e-02 7.144318e-01 -1.275260e+00
7.208006e-01 9.562473e-02 7.151312e-01 -1.273717e+00
7.219197e-01 9.516450e-02 7.158293e-01 -1.272179e+00
7.230388e-01 9.470684e-02 7.165262e-01 -1.270643e+00
7.241580e-01 9.425174e-02 7.172219e-01 -1.269111e+00
7.252771e-01 9.379916e-02 7.179164e-01 -1.267582e+00
7.263963e-01 9.334910e-02 7.186097e-01 -1.266056e+00
7.275154e-01 9.290153e-02 7.193018e-01 -1.264534e+00
7.286346e-01 9.245645e-02 7.199927e-01 -1.263014e+00
7.297537e-01 9.201383e-02 7.206825e-01 -1.261498e+00
7.308729e-01 9.157366e-02 7.213710e-01 -1.259985e+00
7.319920e-01 9.113591e-02 7.220583e-01 -1.258475e+00
7.331111e-01 9.070058e-02 7.227445e-01 -1.256969e+00
7.342303e-01 9.026765e-02 7.234295e-01 -1.255465e+00
7.353494e-01 8.983711e-02 7.241132e-01 -1.253965e+00
7.364686e-01 8.940892e-02 7.247958e-01 -1.252468e+00
7.375877e-01 8.898309e-02 7.254772e-01 -1.250974e+00
7.387069e-01 8.855959e-02 7.261575e-01 -1.249483e+00
7.398260e-01 8.813841e-02 7.268365e-01 -1.247996e+00
7.409452e-01 8.771953e-02 7.275144e-01 -1.246511e+00
7.420643e-01 8.730294e-02 7.281911e-01 -1.245029e+00
7.431834e-01 8.688863e-02 7.288666e-01 -1.243551e+00
7.443026e-01 8.647657e-02 7.295409e-01 -1.242076e+00
7.454217e-01 8.606675e-02 7.302141e-01 -1.240603e+00
7.465409e-01 8.565916e-02 7.308860e-01 -1.239134e+00
7.476600e-01 8.525378e-02 7.315568e-01 -1.237668e+00
7.487792e-01 8.485060e-02 7.322265e-01 -1.236205e+00
7.498983e-01 8.444960e-02 7.328949e-01 -1.234745e+00
7.510175e-01 8.405078e-02 7.335622e-01 -1.233288e+00
7.521366e-01 8.365410e-02 7.342284e-01 -1.231834e+00
7.532557e-01 8.325957e-02 7.348933e-01 -1.230383e+00
7.543749e-01 8.286717e-02 7.355571e-01 -1.228935e+00
7.554940e-01 8.247687e-02 7.362198e-01 -1.227490e+00
7.566132e-01 8.208868e-02 7.368812e-01 -1.226048e+00
7.577323e-01 8.170257e-02 7.375415e-01 -1.224609e+00
7.588515e-01 8.131853e-02 7.382007e-01 -1.223172e+00
7.599706e-01 8.093656e-02 7.388587e-01 -1.221739e+00
7.610898e-01 8.055662e-02 7.395155e-01 -1.220309e+00
7.622089e-01 8.017872e-02 7.401712e-01 -1.218882e+00
7.633280e-01 7.980283e-02 7.408257e-01 -1.217457e+00
7.644472e-01 7.942895e-02 7.414790e-01 -1.216036e+00
7.655663e-01 7.905706e-02 7.421312e-01 -1.214617e+00
7.666855e-01 7.868715e-02 7.427823e-01 -1.213202e+00
7.678046e-01 7.831920e-02 7.434322e-01 -1.211789e+00
7.689238e-01 7.795321e-02 7.440810e-01 -1.210379e+00
7.700429e-01 7.758916e-02 7.447286e-01 -1.208972e+00
7.711621e-01 7.722704e-02 7.453750e-01 -1.207568e+00
7.722812e-01 7.686684e-02 7.460203e-01 -1.206167e+00
7.734003e-01 7.650854e-02 7.466645e-01 -1.204768e+00
7.745195e-01 7.615212e-02 7.473075e-01 -1.203373e+00
7.756386e-01 7.579759e-02 7.479494e-01 -1.201980e+00
7.767578e-01 7.544493e-02 7.485902e-01 -1.200590e+00
7.778769e-01 7.509412e-02 7.492298e-01 -1.199203e+00
7.789961e-01 7.474516e-02 7.498682e-01 -1.197818e+00
7.801152e-01 7.439802e-02 7.505056e-01 -1.196437e+00
7.812344e-01 7.405271e-02 7.511418e-01 -1.195058e+00
7.823535e-01 7.370921e-02 7.517768e-01 -1.193682e+00
7.834726e-01 7.336750e-02 7.524107e-01 -1.192309e+00
7.845918e-01 7.302758e-02 7.530435e-01 -1.190939e+00
7.857109e-01 7.268943e-02 7.536752e-01 -1.189571e+00
7.868301e-01 7.235305e-02 7.543057e-01 -1.188206e+00
7.879492e-01 7.201842e-02 7.549351e-01 -1.186844e+00
7.890684e-01 7.168553e-02 7.555634e-01 -1.185484e+00
7.901875e-01 7.135437e-02 7.561905e-01 -1.184128e+00
7.913067e-01 7.102493e-02 7.568165e-01 -1.182774e+00
7.924258e-01 7.069719e-02 7.574414e-01 -1.181422e+00
7.935449e-01 7.037116e-02 7.580652e-01 -1.180074e+00
7.946641e-01 7.004681e-02 7.586879e-01 -1.178728e+00
7.957832e-01 6.972414e-02 7.593094e-01 -1.177385e+00
7.969024e-01 6.940313e-02 7.599298e-01 -1.176044e+00
7.980215e-01 6.908379e-02 7.605491e-01 -1.174706e+00
7.991407e-01 6.876608e-02 7.611672e-01 -1.173371e+00
8.002598e-01 6.845001e-02 7.617843e-01 -1.172038e+00
8.013790e-01 6.813557e-02 7.624002e-01 -1.170708e+00
8.024981e-01 6.782274e-02 7.630151e-01 -1.169381e+00
8.036172e-01 6.751152e-02 7.636288e-01 -1.168056e+00
8.047364e-01 6.720189e-02 7.642414e-01 -1.166734e+00
8.058555e-01 6.689384e-02 7.648529e-01 -1.165415e+00
8.069747e-01 6.658737e-02 7.654633e-01 -1.164098e+00
8.080938e-01 6.628247e-02 7.660725e-01 -1.162784e+00
8.092130e-01 6.597912e-02 7.666807e-01 -1.161472e+00
8.103321e-01 6.567732e-02 7.672878e-01 -1.160163e+00
8.114513e-01 6.537706e-02 7.678937e-01 -1.158857e+00
8.125704e-01 6.507832e-02 7.684986e-01 -1.157553e+00
8.136895e-01 6.478111e-02 7.691023e-01 -1.156252e+00
8.148087e-01 6.448540e-02 7.697050e-01 -1.154953e+00
8.159278e-01 6.419119e-02 7.703065e-01 -1.153657e+00
8.170470e-01 6.389847e-02 7.709070e-01 -1.152363e+00
8.181661e-01 6.360723e-02 7.715063e-01 -1.151072e+00
8.192853e-01 6.331746e-02 7.721046e-01 -1.149783e+00
8.204044e-01 6.302916e-02 7.727018e-01 -1.148497e+00
8.215236e-01 6.274232e-02 7.732978e-01 -1.147214e+00
8.226427e-01 6.245691e-02 7.738928e-01 -1.145933e+00
8.237618e-01 6.217295e-02 7.744867e-01 -1.144654e+00
8.248810e-01 6.189041e-02 7.750795e-01 -1.143378e+00
8.260001e-01 6.160930e-02 7.756712e-01 -1.142105e+00
8.271193e-01 6.132959e-02 7.762618e-01 -1.140833e+00
8.282384e-01 6.105129e-02 7.768513e-01 -1.139565e+00
8.293576e-01 6.077438e-02 7.774397e-01 -1.138299e+00
8.304767e-01 6.049886e-02 7.780271e-01 -1.137035e+00
8.315959e-01 6.022471e-02 7.786134e-01 -1.135774e+00
8.327150e-01 5.995194e-02 7.791986e-01 -1.134515e+00
8.338341e-01 5.968052e-02 7.797827e-01 -1.133258e+00
8.349533e-01 5.941046e-02 7.803657e-01 -1.132004e+00
8.360724e-01 5.914174e-02 7.809476e-01 -1.130753e+00
8.371916e-01 5.887436e-02 7.815285e-01 -1.129504e+00
8.383107e-01 5.860831e-02 7.821083e-01 -1.128257e+00
8.394299e-01 5.834358e-02 7.826870e-01 -1.127013e+00
8.405490e-01 5.808017e-02 7.832646e-01 -1.125771e+00
8.416682e-01 5.781805e-02 7.838412e-01 -1.124531e+00
8.427873e-01 5.755724e-02 7.844167e-01 -1.123294e+00
8.439064e-01 5.729771e-02 7.849911e-01 -1.122060e+00
8.450256e-01 5.703947e-02 7.855644e-01 -1.120827e+00
8.461447e-01 5.678251e-02 7.861367e-01 -1.119597e+00
8.472639e-01 5.652680e-02 7.867079e-01 -1.118370e+00
8.483830e-01 5.627236e-02 7.872781e-01 -1.117144e+00
8.495022e-01 5.601918e-02 7.878471e-01 -1.115921e+00
8.506213e-01 5.576723e-02 7.884151e-01 -1.114701e+00
8.517405e-01 5.551653e-02 7.889821e-01 -1.113482e+00
8.528596e-01 5.526705e-02 7.895480e-01 -1.112266e+00
8.539787e-01 5.501880e-02 7.901128e-01 -1.111053e+00
8.550979e-01 5.477177e-02 7.906765e-01 -1.109841e+00
8.562170e-01 5.452594e-02 7.912392e-01 -1.108632e+00
8.573362e-01 5.428131e-02 7.918009e-01 -1.107426e+00
8.584553e-01 5.403788e-02 7.923615e-01 -1.106221e+00
8.595745e-01 5.379564e-02 7.929210e-01 -1.105019e+00
8.606936e-01 5.355458e-02 7.934795e-01 -1.103819e+00
8.618128e-01 5.331470e-02 7.940369e-01 -1.102621e+00
8.629319e-01 5.307598e-02 7.945932e-01 -1.101426e+00
8.640510e-01 5.283842e-02 7.951486e-01 -1.100233e+00
8.651702e-01 5.260201e-02 7.957028e-01 -1.099042e+00
8.662893e-01 5.236676e-02 7.962560e-01 -1.097854e+00
8.674085e-01 5.213264e-02 7.968082e-01 -1.096667e+00
8.685276e-01 5.189966e-02 7.973593e-01 -1.095483e+00
8.696468e-01 5.166780e-02 7.979094e-01 -1.094301e+00
8.707659e-01 5.143707e-02 7.984584e-01 -1.093122e+00
8.718851e-01 5.120745e-02 7.990064e-01 -1.091944e+00
8.730042e-01 5.097894e-02 7.995533e-01 -1.090769e+00
8.741233e-01 5.075153e-02 8.000992e-01 -1.089596e+00
8.752425e-01 5.052522e-02 8.006440e-01 -1.088425e+00
8.763616e-01 5.030000e-02 8.011878e-01 -1.087257e+00
8.774808e-01 5.007586e-02 8.017306e-01 -1.086090e+00
8.785999e-01 4.985279e-02 8.022723e-01 -1.084926e+00
8.797191e-01 4.963080e-02 8.028130e-01 -1.083764e+00
8.808382e-01 4.940987e-02 8.033527e-01 -1.082604e+00
8.819574e-01 4.919000e-02 8.038913e-01 -1.081447e+00
8.830765e-01 4.897119e-02 8.044289e-01 -1.080291e+00
8.841956e-01 4.875342e-02 8.049655e-01 -1.079138e+00
8.853148e-01 4.853669e-02 8.055010e-01 -1.077986e+00
8.864339e-01 4.832100e-02 8.060355e-01 -1.076837e+00
8.875531e-01 4.810633e-02 8.065689e-01 -1.075690e+00
8.886722e-01 4.789269e-02 8.071014e-01 -1.074546e+00
8.897914e-01 4.768007e-02 8.076328e-01 -1.073403e+00
8.909105e-01 4.746846e-02 8.081632e-01 -1.072262e+00
8.920297e-01 4.725785e-02 8.086925e-01 -1.071124e+00
8.931488e-01 4.704825e-02 8.092209e-01 -1.069988e+00
8.942679e-01 4.683964e-02 8.097482e-01 -1.068853e+00
8.953871e-01 4.663202e-02 8.102745e-01 -1.067721e+00
8.965062e-01 4.642539e-02 8.107997e-01 -1.066591e+00
8.976254e-01 4.621973e-02 8.113240e-01 -1.065463e+00
8.987445e-01 4.601504e-02 8.118472e-01 -1.064337e+00
8.998637e-01 4.581133e-02 8.123694e-01 -1.063214e+00
9.009828e-01 4.560857e-02 8.128906e-01 -1.062092e+00
9.021020e-01 4.540677e-02 8.134108e-01 -1.060972e+00
9.032211e-01 4.520593e-02 8.139300e-01 -1.059855e+00
9.043402e-01 4.500603e-02 8.144481e-01 -1.058739e+00
9.054594e-01 4.480707e-02 8.149652e-01 -1.057626e+00
9.065785e-01 4.460904e-02 8.154814e-01 -1.056514e+00
9.076977e-01 4.441195e-02 8.159965e-01 -1.055405e+00
9.088168e-01 4.421578e-02 8.165106e-01 -1.054297e+00
9.099360e-01 4.402053e-02 8.170237e-01 -1.053192e+00
9.110551e-01 4.382620e-02 8.175358e-01 -1.052089e+00
9.121743e-01 4.363278e-02 8.180469e-01 -1.050987e+00
9.132934e-01 4.344026e-02 8.185569e-01 -1.049888e+00
9.144125e-01 4.324865e-02 8.190660e-01 -1.048791e+00
9.155317e-01 4.305793e-02 8.195741e-01 -1.047695e+00
9.166508e-01 4.286810e-02 8.200811e-01 -1.046602e+00
9.177700e-01 4.267915e-02 8.205872e-01 -1.045511e+00
9.188891e-01 4.249109e-02 8.210923e-01 -1.044422e+00
9.200083e-01 4.230390e-02 8.215964e-01 -1.043334e+00
9.211274e-01 4.211758e-02 8.220994e-01 -1.042249e+00
9.222466e-01 4.193213e-02 8.226015e-01 -1.041166e+00
9.233657e-01 4.174755e-02 8.231026e-01 -1.040084e+00
9.244848e-01 4.156381e-02 8.236027e-01 -1.039005e+00
9.256040e-01 4.138094e-02 8.241018e-01 -1.037927e+00
9.267231e-01 4.119890e-02 8.245999e-01 -1.036852e+00
9.278423e-01 4.101772e-02 8.250970e-01 -1.035778e+00
9.289614e-01 4.083737e-02 8.255931e-01 -1.034707e+00
9.300806e-01 4.065785e-02 8.260882e-01 -1.033637e+00
9.311997e-01 4.047917e-02 8.265823e-01 -1.032569e+00
9.323189e-01 4.030131e-02 8.270755e-01 -1.031503e+00
9.334380e-01 4.012427e-02 8.275676e-01 -1.030439e+00
9.345571e-01 3.994805e-02 8.280588e-01 -1.029377e+00
9.356763e-01 3.977264e-02 8.285490e-01 -1.028317e+00
9.367954e-01 3.959803e-02 8.290382e-01 -1.027259e+00
9.379146e-01 3.942423e-02 8.295265e-01 -1.026203e+00
9.390337e-01 3.925123e-02 8.300137e-01 -1.025148e+00
9.401529e-01 3.907903e-02 8.305000e-01 -1.024096e+00
9.412720e-01 3.890761e-02 8.309853e-01 -1.023045e+00
9.423912e-01 3.873698e-02 8.314696e-01 -1.021996e+00
9.435103e-01 3.856714e-02 8.319529e-01 -1.020950e+00
9.446294e-01 3.839807e-02 8.324353e-01 -1.019905e+00
9.457486e-01 3.822977e-02 8.329166e-01 -1.018862e+00
9.468677e-01 3.806225e-02 8.333970e-01 -1.017820e+00
9.479869e-01 3.789549e-02 8.338765e-01 -1.016781e+00
9.491060e-01 3.772949e-02 8.343549e-01 -1.015743e+00
9.502252e-01 3.756425e-02 8.348324e-01 -1.014708e+00
9.513443e-01 3.739976e-02 8.353090e-01 -1.013674e+00
9.524635e-01 3.723602e-02 8.357845e-01 -1.012642e+00
9.535826e-01 3.707303e-02 8.362591e-01 -1.011612e+00
9.547017e-01 3.691078e-02 8.367327e-01 -1.010584e+00
9.558209e-01 3.674927e-02 8.372054e-01 -1.009557e+00
9.569400e-01 3.658849e-02 8.376770e-01 -1.008532e+00
9.580592e-01 3.642845e-02 8.381478e-01 -1.007510e+00
9.591783e-01 3.626912e-02 8.386175e-01 -1.006489e+00
9.602975e-01 3.611053e-02 8.390863e-01 -1.005469e+00
9.614166e-01 3.595265e-02 8.395542e-01 -1.004452e+00
9.625358e-01 3.579548e-02 8.400210e-01 -1.003436e+00
9.636549e-01 3.563903e-02 8.404870e-01 -1.002422e+00
9.647740e-01 3.548328e-02 8.409519e-01 -1.001410e+00
9.658932e-01 3.532824e-02 8.414159e-01 -1.000400e+00
9.670123e-01 3.517389e-02 8.418790e-01 -9.993918e-01
9.681315e-01 3.502025e-02 8.423411e-01 -9.983851e-01
9.692506e-01 3.486730e-02 8.428022e-01 -9.973802e-01
9.703698e-01 3.471503e-02 8.432624e-01 -9.963771e-01
9.714889e-01 3.456345e-02 8.437217e-01 -9.953757e-01
9.726081e-01 3.441256e-02 8.441799e-01 -9.943761e-01
9.737272e-01 3.426234e-02 8.446373e-01 -9.933782e-01
9.748463e-01 3.411280e-02 8.450937e-01 -9.923822e-01
9.759655e-01 3.396393e-02 8.455491e-01 -9.913878e-01
9.770846e-01 3.381573e-02 8.460036e-01 -9.903952e-01
9.782038e-01 3.366819e-02 8.464572e-01 -9.894043e-01
9.793229e-01 3.352132e-02 8.469098e-01 -9.884152e-01
9.804421e-01 3.337510e-02 8.473614e-01 -9.874278e-01
9.815612e-01 3.322954e-02 8.478122e-01 -9.864422e-01
9.826804e-01 3.308463e-02 8.482619e-01 -9.854582e-01
9.837995e-01 3.294036e-02 8.487108e-01 -9.844760e-01
9.849186e-01 3.279675e-02 8.491587e-01 -9.834955e-01
9.860378e-01 3.265377e-02 8.496056e-01 -9.825167e-01
9.871569e-01 3.251143e-02 8.500517e-01 -9.815396e-01
9.882761e-01 3.236973e-02 8.504968e-01 -9.805642e-01
9.893952e-01 3.222865e-02 8.509409e-01 -9.795905e-01
9.905144e-01 3.208821e-02 8.513841e-01 -9.786185e-01
9.916335e-01 3.194839e-02 8.518264e-01 -9.776481e-01
9.927527e-01 3.180920e-02 8.522678e-01 -9.766795e-01
9.938718e-01 3.167062e-02 8.527082e-01 -9.757126e-01
9.949909e-01 3.153266e-02 8.531477e-01 -9.747473e-01
9.961101e-01 3.139531e-02 8.535863e-01 -9.737837e-01
9.972292e-01 3.125857e-02 8.540239e-01 -9.728218e-01
9.983484e-01 3.112244e-02 8.544606e-01 -9.718615e-01
9.994675e-01 3.098691e-02 8.548964e-01 -9.709029e-01
1.000587e+00 3.085198e-02 8.553313e-01 -9.699460e-01
1.001706e+00 3.071765e-02 8.557652e-01 -9.689907e-01
1.002825e+00 3.058391e-02 8.561982e-01 -9.680370e-01
1.003944e+00 3.045076e-02 8.566303e-01 -9.670850e-01
1.005063e+00 3.031821e-02 8.570615e-01 -9.661347e-01
1.006182e+00 3.018624e-02 8.574917e-01 -9.651860e-01
1.007302e+00 3.005485e-02 8.579211e-01 -9.642389e-01
1.008421e+00 2.992404e-02 8.583495e-01 -9.632934e-01
1.009540e+00 2.979381e-02 8.587770e-01 -9.623496e-01
1.010659e+00 2.966415e-02 8.592036e-01 -9.614074e-01
1.011778e+00 2.953506e-02 8.596292e-01 -9.604668e-01
1.012897e+00 2.940654e-02 8.600540e-01 -9.595278e-01
1.014016e+00 2.927859e-02 8.604778e-01 -9.585905e-01
1.015136e+00 2.915120e-02 8.609008e-01 -9.576547e-01
1.016255e+00 2.902437e-02 8.613228e-01 -9.567205e-01
1.017374e+00 2.889809e-02 8.617439e-01 -9.557880e-01
1.018493e+00 2.877237e-02 8.621641e-01 -9.548570e-01
1.019612e+00 2.864720e-02 8.625834e-01 -9.539277e-01
1.020731e+00 2.852258e-02 8.630018e-01 -9.529999e-01
1.021850e+00 2.839851e-02 8.634193e-01 -9.520737e-01
1.022970e+00 2.827498e-02 8.638358e-01 -9.511491e-01
1.024089e+00 2.815199e-02 8.642515e-01 -9.502260e-01
1.025208e+00 2.802954e-02 8.646663e-01 -9.493045e-01
1.026327e+00 2.790763e-02 8.650801e-01 -9.483846e-01
1.027446e+00 2.778625e-02 8.654931e-01 -9.474663e-01
1.028565e+00 2.766539e-02 8.659052e-01 -9.465495e-01
1.029684e+00 2.754507e-02 8.663164e-01 -9.456343e-01
1.030804e+00 2.742527e-02 8.667266e-01 -9.447207e-01
1.031923e+00 2.730599e-02 8.671360e-01 -9.438085e-01
1.033042e+00 2.718724e-02 8.675445e-01 -9.428980e-01
1.034161e+00 2.706900e-02 8.679521e-01 -9.419890e-01
1.035280e+00 2.695127e-02 8.683588e-01 -9.410815e-01
1.036399e+00 2.683406e-02 8.687646e-01 -9.401755e-01
1.037518e+00 2.671736e-02 8.691695e-01 -9.392711e-01
1.038638e+00 2.660116e-02 8.695735e-01 -9.383682e-01
1.039757e+00 2.648547e-02 8.699766e-01 -9.374669e-01
1.040876e+00 2.637029e-02 8.703789e-01 -9.365670e-01
1.041995e+00 2.625560e-02 8.707802e-01 -9.356687e-01
1.043114e+00 2.614141e-02 8.711807e-01 -9.347719e-01
1.044233e+00 2.602771e-02 8.715803e-01 -9.338766e-01
1.045352e+00 2.591451e-02 8.719790e-01 -9.329828e-01
1.046472e+00 2.580180e-02 8.723768e-01 -9.320906e-01
1.047591e+00 2.568958e-02 8.727737e-01 -9.311998e-01
1.048710e+00 2.557784e-02 8.731698e-01 -9.303105e-01
1.049829e+00 2.546659e-02 8.735650e-01 -9.294227e-01
1.050948e+00 2.535582e-02 8.739593e-01 -9.285364e-01
1.052067e+00 2.524552e-02 8.743527e-01 -9.276516e-01
1.053186e+00 2.513571e-02 8.747452e-01 -9.267683e-01
1.054306e+00 2.502636e-02 8.751369e-01 -9.258864e-01
1.055425e+00 2.491749e-02 8.755277e-01 -9.250061e-01
1.056544e+00 2.480909e-02 8.759176e-01 -9.241272e-01
1.057663e+00 2.470116e-02 8.763066e-01 -9.232497e-01
1.058782e+00 2.459369e-02 8.766948e-01 -9.223738e-01
1.059901e+00 2.448669e-02 8.770821e-01 -9.214993e-01
1.061020e+00 2.438014e-02 8.774685e-01 -9.206262e-01
1.062140e+00 2.427406e-02 8.778541e-01 -9.197547e-01
1.063259e+00 2.416843e-02 8.782388e-01 -9.188845e-01
1.064378e+00 2.406325e-02 8.786226e-01 -9.180159e-01
1.065497e+00 2.395853e-02 8.790055e-01 -9.171486e-01
1.066616e+00 2.385426e-02 8.793876e-01 -9.162828e-01
1.067735e+00 2.375043e-02 8.797689e-01 -9.154185e-01
1.068854e+00 2.364705e-02 8.801492e-01 -9.145556e-01
1.069974e+00 2.354412e-02 8.805287e-01 -9.136941e-01
1.071093e+00 2.344162e-02 8.809074e-01 -9.128340e-01
1.072212e+00 2.333957e-02 8.812852e-01 -9.119754e-01
1.073331e+00 2.323795e-02 8.816621e-01 -9.111182e-01
1.074450e+00 2.313677e-02 8.820382e-01 -9.102624e-01
1.075569e+00 2.303602e-02 8.824134e-01 -9.094081e-01
1.076688e+00 2.293570e-02 8.827877e-01 -9.085551e-01
1.077808e+00 2.283582e-02 8.831612e-01 -9.077036e-01
1.078927e+00 2.273636e-02 8.835339e-01 -9.068535e-01
1.080046e+00 2.263732e-02 8.839057e-01 -9.060048e-01
1.081165e+00 2.253871e-02 8.842766e-01 -9.051574e-01
1.082284e+00 2.244052e-02 8.846467e-01 -9.043115e-01
1.083403e+00 2.234275e-02 8.850160e-01 -9.034670e-01
1.084522e+00 2.224539e-02 8.853843e-01 -9.026238e-01
1.085642e+00 2.214846e-02 8.857519e-01 -9.017821e-01
1.086761e+00 2.205193e-02 8.861186e-01 -9.009417e-01
1.087880e+00 2.195582e-02 8.864844e-01 -9.001027e-01
1.088999e+00 2.186011e-02 8.868495e-01 -8.992651e-01
1.090118e+00 2.176482e-02 8.872136e-01 -8.984289e-01
1.091237e+00 2.166993e-02 8.875770e-01 -8.975941e-01
1.092357e+00 2.157544e-02 8.879394e-01 -8.967606e-01
1.093476e+00 2.148136e-02 8.883011e-01 -8.959285e-01
1.094595e+00 2.138767e-02 8.886619e-01 -8.950977e-01
1.095714e+00 2.129439e-02 8.890218e-01 -8.942683e-01
1.096833e+00 2.120150e-02 8.893810e-01 -8.934403e-01
1.097952e+00 2.110901e-02 8.897393e-01 -8.926136e-01
1.099071e+00 2.101690e-02 8.900967e-01 -8.917883e-01
1.100191e+00 2.092519e-02 8.904534e-01 -8.909643e-01
1.101310e+00 2.083387e-02 8.908091e-01 -8.901416e-01
1.102429e+00 2.074294e-02 8.911641e-01 -8.893204e-01
1.103548e+00 2.065239e-02 8.915182e-01 -8.885004e-01
1.104667e+00 2.056223e-02 8.918715e-01 -8.876818e-01
1.105786e+00 2.047245e-02 8.922240e-01 -8.868645e-01
1.106905e+00 2.038305e-02 8.925756e-01 -8.860486e-01
1.108025e+00 2.029403e-02 8.929264e-01 -8.852339e-01
1.109144e+00 2.020538e-02 8.932764e-01 -8.844206e-01
1.110263e+00 2.011711e-02 8.936256e-01 -8.836087e-01
1.111382e+00 2.002922e-02 8.939739e-01 -8.827980e-01
1.112501e+00 1.994169e-02 8.943214e-01 -8.819887e-01
1.113620e+00 1.985454e-02 8.946681e-01 -8.811806e-01
1.114739e+00 1.976775e-02 8.950140e-01 -8.803739e-01
1.115859e+00 1.968133e-02 8.953591e-01 -8.795685e-01
1.116978e+00 1.959528e-02 8.957033e-01 -8.787644e-01
1.118097e+00 1.950959e-02 8.960467e-01 -8.779616e-01
1.119216e+00 1.942426e-02 8.963893e-01 -8.771601e-01
1.120335e+00 1.933929e-02 8.967311e-01 -8.763599e-01
1.121454e+00 1.925469e-02 8.970721e-01 -8.755610e-01
1.122573e+00 1.917043e-02 8.974122e-01 -8.747633e-01
1.123693e+00 1.908654e-02 8.977516e-01 -8.739670e-01
1.124812e+00 1.900299e-02 8.980901e-01 -8.731719e-01
1.125931e+00 1.891980e-02 8.984278e-01 -8.723782e-01
1.127050e+00 1.883696e-02 8.987647e-01 -8.715857e-01
1.128169e+00 1.875447e-02 8.991008e-01 -8.707945e-01
1.129288e+00 1.867233e-02 8.994361e-01 -8.700045e-01
1.130407e+00 1.859053e-02 8.997706e-01 -8.692158e-01
1.131527e+00 1.850907e-02 9.001043e-01 -8.684284e-01
1.132646e+00 1.842796e-02 9.004372e-01 -8.676423e-01
1.133765e+00 1.834719e-02 9.007692e-01 -8.668574e-01
1.134884e+00 1.826676e-02 9.011005e-01 -8.660738e-01
1.136003e+00 1.818667e-02 9.014310e-01 -8.652914e-01
1.137122e+00 1.810692e-02 9.017607e-01 -8.645103e-01
1.138241e+00 1.802750e-02 9.020895e-01 -8.637305e-01
1.139361e+00 1.794841e-02 9.024176e-01 -8.629519e-01
1.140480e+00 1.786965e-02 9.027449e-01 -8.621745e-01
1.141599e+00 1.779123e-02 9.030714e-01 -8.613984e-01
1.142718e+00 1.771314e-02 9.033970e-01 -8.606235e-01
1.143837e+00 1.763537e-02 9.037219e-01 -8.598499e-01
1.144956e+00 1.755793e-02 9.040460e-01 -8.590774e-01
1.146075e+00 1.748082e-02 9.043693e-01 -8.583063e-01
1.147195e+00 1.740402e-02 9.046919e-01 -8.575363e-01
1.148314e+00 1.732755e-02 9.050136e-01 -8.567676e-01
1.149433e+00 1.725140e-02 9.053345e-01 -8.560001e-01
1.150552e+00 1.717557e-02 9.056547e-01 -8.552338e-01
1.151671e+00 1.710006e-02 9.059740e-01 -8.544688e-01
1.152790e+00 1.702487e-02 9.062926e-01 -8.537050e-01
1.153909e+00 1.694999e-02 9.066104e-01 -8.529423e-01
1.155029e+00 1.687542e-02 9.069274e-01 -8.521809e-01
1.156148e+00 1.680116e-02 9.072437e-01 -8.514207e-01
1.157267e+00 1.672722e-02 9.075591e-01 -8.506617e-01
1.158386e+00 1.665358e-02 9.078738e-01 -8.499039e-01
1.159505e+00 1.658026e-02 9.081876e-01 -8.491474e-01
1.160624e+00 1.650724e-02 9.085008e-01 -8.483920e-01
1.161743e+00 1.643452e-02 9.088131e-01 -8.476378e-01
1.162863e+00 1.636211e-02 9.091246e-01 -8.468848e-01
1.163982e+00 1.629000e-02 9.094354e-01 -8.461329e-01
1.165101e+00 1.621820e-02 9.097454e-01 -8.453823e-01
1.166220e+00 1.614669e-02 9.100547e-01 -8.446329e-01
1.167339e+00 1.607548e-02 9.103631e-01 -8.438846e-01
1.168458e+00 1.600457e-02 9.106708e-01 -8.431376e-01
1.169577e+00 1.593396e-02 9.109777e-01 -8.423917e-01
1.170697e+00 1.586364e-02 9.112839e-01 -8.416469e-01
1.171816e+00 1.579361e-02 9.115893e-01 -8.409034e-01
1.172935e+00 1.572388e-02 9.118939e-01 -8.401610e-01
1.174054e+00 1.565444e-02 9.121977e-01 -8.394198e-01
1.175173e+00 1.558529e-02 9.125008e-01 -8.386798e-01
1.176292e+00 1.551642e-02 9.128031e-01 -8.379409e-01
1.177411e+00 1.544785e-02 9.131047e-01 -8.372032e-01
1.178531e+00 1.537956e-02 9.134055e-01 -8.364666e-01
1.179650e+00 1.531155e-02 9.137055e-01 -8.357312e-01
1.180769e+00 1.524383e-02 9.140048e-01 -8.349969e-01
1.181888e+00 1.517639e-02 9.143033e-01 -8.342638e-01
1.183007e+00 1.510923e-02 9.146011e-01 -8.335319e-01
1.184126e+00 1.504235e-02 9.148981e-01 -8.328011e-01
1.185245e+00 1.497575e-02 9.151943e-01 -8.320714e-01
1.186365e+00 1.490943e-02 9.154898e-01 -8.313429e-01
1.187484e+00 1.484338e-02 9.157845e-01 -8.306155e-01
1.188603e+00 1.477761e-02 9.160785e-01 -8.298893e-01
1.189722e+00 1.471211e-02 9.163718e-01 -8.291641e-01
1.190841e+00 1.464689e-02 9.166643e-01 -8.284402e-01
1.191960e+00 1.458194e-02 9.169560e-01 -8.277173e-01
1.193080e+00 1.451725e-02 9.172470e-01 -8.269956e-01
1.194199e+00 1.445284e-02 9.175372e-01 -8.262750e-01
1.195318e+00 1.438869e-02 9.178267e-01 -8.255555e-01
1.196437e+00 1.432482e-02 9.181155e-01 -8.248371e-01
1.197556e+00 1.426120e-02 9.184035e-01 -8.241199e-01
1.198675e+00 1.419786e-02 9.186907e-01 -8.234038e-01
1.199794e+00 1.413477e-02 9.189773e-01 -8.226888e-01
1.200914e+00 1.407195e-02 9.192631e-01 -8.219749e-01
1.202033e+00 1.400939e-02 9.195481e-01 -8.212621e-01
1.203152e+00 1.394709e-02 9.198324e-01 -8.205504e-01
1.204271e+00 1.388505e-02 9.201160e-01 -8.198398e-01
1.205390e+00 1.382326e-02 9.203988e-01 -8.191303e-01
1.206509e+00 1.376174e-02 9.206809e-01 -8.184219e-01
1.207628e+00 1.370047e-02 9.209623e-01 -8.177146e-01
1.208748e+00 1.363945e-02 9.212429e-01 -8.170084e-01
1.209867e+00 1.357869e-02 9.215228e-01 -8.163033e-01
1.210986e+00 1.351818e-02 9.218019e-01 -8.155993e-01
1.212105e+00 1.345792e-02 9.220804e-01 -8.148964e-01
1.213224e+00 1.339791e-02 9.223581e-01 -8.141945e-01
1.214343e+00 1.333816e-02 9.226351e-01 -8.134938e-01
1.215462e+00 1.327865e-02 9.229113e-01 -8.127941e-01
1.216582e+00 1.321938e-02 9.231868e-01 -8.120955e-01
1.217701e+00 1.316037e-02 9.234616e-01 -8.113980e-01
1.218820e+00 1.310159e-02 9.237357e-01 -8.107015e-01
1.219939e+00 1.304307e-02 9.240091e-01 -8.100061e-01
1.221058e+00 1.298478e-02 9.242817e-01 -8.093118e-01
1.222177e+00 1.292674e-02 9.245536e-01 -8.086186e-01
1.223296e+00 1.286894e-02 9.248248e-01 -8.079264e-01
1.224416e+00 1.281138e-02 9.250953e-01 -8.072353e-01
1.225535e+00 1.275406e-02 9.253650e-01 -8.065453e-01
1.226654e+00 1.269697e-02 9.256341e-01 -8.058563e-01
1.227773e+00 1.264013e-02 9.259024e-01 -8.051683e-01
1.228892e+00 1.258352e-02 9.261700e-01 -8.044814e-01
1.230011e+00 1.252714e-02 9.264369e-01 -8.037956e-01
1.231130e+00 1.247100e-02 9.267031e-01 -8.031108e-01
1.232250e+00 1.241509e-02 9.269686e-01 -8.024271e-01
1.233369e+00 1.235941e-02 9.272333e-01 -8.017444e-01
1.234488e+00 1.230397e-02 9.274974e-01 -8.010628e-01
1.235607e+00 1.224875e-02 9.277608e-01 -8.003822e-01
1.236726e+00 1.219377e-02 9.280234e-01 -7.997026e-01
1.237845e+00 1.213901e-02 9.282853e-01 -7.990241e-01
1.238964e+00 1.208448e-02 9.285466e-01 -7.983466e-01
1.240084e+00 1.203017e-02 9.288071e-01 -7.976701e-01
1.241203e+00 1.197610e-02 9.290669e-01 -7.969947e-01
1.242322e+00 1.192224e-02 9.293260e-01 -7.963203e-01
1.243441e+00 1.186861e-02 9.295845e-01 -7.956469e-01
1.244560e+00 1.181520e-02 9.298422e-01 -7.949746e-01
1.245679e+00 1.176202e-02 9.300992e-01 -7.943033e-01
1.246798e+00 1.170905e-02 9.303556e-01 -7.936330e-01
1.247918e+00 1.165631e-02 9.306112e-01 -7.929637e-01
1.249037e+00 1.160378e-02 9.308661e-01 -7.922954e-01
1.250156e+00 1.155147e-02 9.311204e-01 -7.916281e-01
1.251275e+00 1.149938e-02 9.313739e-01 -7.909619e-01
1.252394e+00 1.144750e-02 9.316268e-01 -7.902967e-01
1.253513e+00 1.139584e-02 9.318790e-01 -7.896324e-01
1.254632e+00 1.134440e-02 9.321304e-01 -7.889692e-01
1.255752e+00 1.129317e-02 9.323812e-01 -7.883070e-01
1.256871e+00 1.124215e-02 9.326313e-01 -7.876458e-01
1.257990e+00 1.119134e-02 9.328808e-01 -7.869856e-01
1.259109e+00 1.114074e-02 9.331295e-01 -7.863263e-01
1.260228e+00 1.109036e-02 9.333775e-01 -7.856681e-01
1.261347e+00 1.104018e-02 9.336249e-01 -7.850109e-01
1.262466e+00 1.099021e-02 9.338716e-01 -7.843546e-01
1.263586e+00 1.094045e-02 9.341176e-01 -7.836994e-01
1.264705e+00 1.089090e-02 9.343629e-01 -7.830451e-01
1.265824e+00 1.084155e-02 9.346076e-01 -7.823919e-01
1.266943e+00 1.079241e-02 9.348515e-01 -7.817396e-01
1.268062e+00 1.074347e-02 9.350948e-01 -7.810883e-01
1.269181e+00 1.069473e-02 9.353374e-01 -7.804379e-01
1.270300e+00 1.064620e-02 9.355794e-01 -7.797886e-01
1.271420e+00 1.059786e-02 9.358206e-01 -7.791402e-01
1.272539e+00 1.054973e-02 9.360612e-01 -7.784928e-01
1.273658e+00 1.050180e-02 9.363012e-01 -7.778464e-01
1.274777e+00 1.045407e-02 9.365404e-01 -7.772009e-01
1.275896e+00 1.040653e-02 9.367790e-01 -7.765564e-01
1.277015e+00 1.035920e-02 9.370169e-01 -7.759129e-01
1.278134e+00 1.031206e-02 9.372542e-01 -7.752703e-01
1.279254e+00 1.026511e-02 9.374908e-01 -7.746287e-01
1.280373e+00 1.021836e-02 9.377267e-01 -7.739881e-01
1.281492e+00 1.017181e-02 9.379619e-01 -7.733484e-01
1.282611e+00 1.012545e-02 9.381965e-01 -7.727097e-01
1.283730e+00 1.007928e-02 9.384304e-01 -7.720719e-01
1.284849e+00 1.003330e-02 9.386637e-01 -7.714351e-01
1.285968e+00 9.987519e-03 9.388963e-01 -7.707992e-01
1.287088e+00 9.941925e-03 9.391283e-01 -7.701643e-01
1.288207e+00 9.896520e-03 9.393596e-01 -7.695303e-01
1.289326e+00 9.851304e-03 9.395902e-01 -7.688973e-01
1.290445e+00 9.806275e-03 9.398202e-01 -7.682652e-01
1.291564e+00 9.761435e-03 9.400495e-01 -7.676341e-01
1.292683e+00 9.716781e-03 9.402782e-01 -7.670039e-01
1.293803e+00 9.672312e-03 9.405062e-01 -7.663746e-01
1.294922e+00 9.628029e-03 9.407336e-01 -7.657463e-01
1.296041e+00 9.583930e-03 9.409603e-01 -7.651189e-01
1.297160e+00 9.540014e-03 9.411864e-01 -7.644924e-01
1.298279e+00 9.496282e-03 9.414118e-01 -7.638669e-01
1.299398e+00 9.452731e-03 9.416366e-01 -7.632422e-01
1.300517e+00 9.409362e-03 9.418608e-01 -7.626186e-01
1.301637e+00 9.366174e-03 9.420842e-01 -7.619958e-01
1.302756e+00 9.323165e-03 9.423071e-01 -7.613740e-01
1.303875e+00 9.280335e-03 9.425293e-01 -7.607531e-01
1.304994e+00 9.237684e-03 9.427509e-01 -7.601331e-01
1.306113e+00 9.195211e-03 9.429718e-01 -7.595140e-01
1.307232e+00 9.152915e-03 9.431921e-01 -7.588958e-01
1.308351e+00 9.110795e-03 9.434117e-01 -7.582786e-01
1.309471e+00 9.068850e-03 9.436308e-01 -7.576622e-01
1.310590e+00 9.027081e-03 9.438491e-01 -7.570468e-01
1.311709e+00 8.985485e-03 9.440669e-01 -7.564323e-01
1.312828e+00 8.944063e-03 9.442840e-01 -7.558187e-01
1.313947e+00 8.902814e-03 9.445005e-01 -7.552060e-01
1.315066e+00 8.861737e-03 9.447163e-01 -7.545942e-01
1.316185e+00 8.820831e-03 9.449315e-01 -7.539833e-01
1.317305e+00 8.780097e-03 9.451461e-01 -7.533733e-01
1.318424e+00 8.739532e-03 9.453601e-01 -7.527642e-01
1.319543e+00 8.699136e-03 9.455734e-01 -7.521560e-01
1.320662e+00 8.658909e-03 9.457861e-01 -7.515486e-01
1.321781e+00 8.618850e-03 9.459982e-01 -7.509422e-01
1.322900e+00 8.578959e-03 9.462097e-01 -7.503367e-01
1.324019e+00 8.539234e-03 9.464205e-01 -7.497320e-01
1.325139e+00 8.499675e-03 9.466307e-01 -7.491283e-01
1.326258e+00 8.460281e-03 9.468403e-01 -7.485254e-01
1.327377e+00 8.421052e-03 9.470493e-01 -7.479234e-01
1.328496e+00 8.381987e-03 9.472576e-01 -7.473223e-01
1.329615e+00 8.343085e-03 9.474654e-01 -7.467221e-01
1.330734e+00 8.304346e-03 9.476725e-01 -7.461227e-01
1.331853e+00 8.265769e-03 9.478790e-01 -7.455243e-01
1.332973e+00 8.227354e-03 9.480849e-01 -7.449267e-01
1.334092e+00 8.189099e-03 9.482902e-01 -7.443299e-01
1.335211e+00 8.151004e-03 9.484948e-01 -7.437341e-01
1.336330e+00 8.113069e-03 9.486989e-01 -7.431391e-01
1.337449e+00 8.075293e-03 9.489024e-01 -7.425450e-01
1.338568e+00 8.037674e-03 9.491052e-01 -7.419517e-01
1.339687e+00 8.000214e-03 9.493074e-01 -7.413594e-01
1.340807e+00 7.962910e-03 9.495091e-01 -7.407678e-01
1.341926e+00 7.925763e-03 9.497101e-01 -7.401772e-01
1.343045e+00 7.888771e-03 9.499105e-01 -7.395874e-01
1.344164e+00 7.851935e-03 9.501103e-01 -7.389984e-01
1.345283e+00 7.815253e-03 9.503095e-01 -7.384103e-01
1.346402e+00 7.778725e-03 9.505082e-01 -7.378231e-01
1.347521e+00 7.742350e-03 9.507062e-01 -7.372367e-01
1.348641e+00 7.706127e-03 9.509036e-01 -7.366512e-01
1.349760e+00 7.670057e-03 9.511004e-01 -7.360665e-01
1.350879e+00 7.634138e-03 9.512966e-01 -7.354827e-01
1.351998e+00 7.598370e-03 9.514923e-01 -7.348997e-01
1.353117e+00 7.562753e-03 9.516873e-01 -7.343176e-01
1.354236e+00 7.527285e-03 9.518817e-01 -7.337363e-01
1.355355e+00 7.491966e-03 9.520756e-01 -7.331559e-01
1.356475e+00 7.456795e-03 9.522688e-01 -7.325762e-01
1.357594e+00 7.421772e-03 9.524615e-01 -7.319975e-01
1.358713e+00 7.386897e-03 9.526536e-01 -7.314195e-01
1.359832e+00 7.352168e-03 9.528451e-01 -7.308424e-01
1.360951e+00 7.317585e-03 9.530360e-01 -7.302662e-01
1.362070e+00 7.283148e-03 9.532263e-01 -7.296907e-01
1.363189e+00 7.248856e-03 9.534160e-01 -7.291161e-01
1.364309e+00 7.214709e-03 9.536052e-01 -7.285423e-01
1.365428e+00 7.180705e-03 9.537937e-01 -7.279694e-01
1.366547e+00 7.146844e-03 9.539817e-01 -7.273973e-01
1.367666e+00 7.113126e-03 9.541691e-01 -7.268260e-01
1.368785e+00 7.079550e-03 9.543560e-01 -7.262555e-01
1.369904e+00 7.046116e-03 9.545422e-01 -7.256858e-01
1.371023e+00 7.012823e-03 9.547279e-01 -7.251170e-01
1.372143e+00 6.979670e-03 9.549130e-01 -7.245490e-01
1.373262e+00 6.946658e-03 9.550975e-01 -7.239818e-01
1.374381e+00 6.913784e-03 9.552815e-01 -7.234154e-01
1.375500e+00 6.881049e-03 9.554649e-01 -7.228498e-01
1.376619e+00 6.848453e-03 9.556477e-01 -7.222850e-01
1.377738e+00 6.815994e-03 9.558299e-01 -7.217211e-01
1.378857e+00 6.783673e-03 9.560116e-01 -7.211579e-01
1.379977e+00 6.751488e-03 9.561927e-01 -7.205956e-01
1.381096e+00 6.719439e-03 9.563732e-01 -7.200341e-01
1.382215e+00 6.687526e-03 9.565532e-01 -7.194733e-01
1.383334e+00 6.655748e-03 9.567326e-01 -7.189134e-01
1.384453e+00 6.624104e-03 9.569114e-01 -7.183543e-01
1.385572e+00 6.592595e-03 9.570897e-01 -7.177959e-01
1.386691e+00 6.561218e-03 9.572674e-01 -7.172384e-01
1.387811e+00 6.529975e-03 9.574446e-01 -7.166817e-01
1.388930e+00 6.498864e-03 9.576212e-01 -7.161257e-01
1.390049e+00 6.467885e-03 9.577972e-01 -7.155706e-01
1.391168e+00 6.437037e-03 9.579727e-01 -7.150162e-01
1.392287e+00 6.406321e-03 9.581476e-01 -7.144627e-01
1.393406e+00 6.375734e-03 9.583220e-01 -7.139099e-01
1.394526e+00 6.345278e-03 9.584958e-01 -7.133579e-01
1.395645e+00 6.314950e-03 9.586691e-01 -7.128067e-01
1.396764e+00 6.284752e-03 9.588418e-01 -7.122563e-01
1.397883e+00 6.254681e-03 9.590139e-01 -7.117066e-01
1.399002e+00 6.224739e-03 9.591855e-01 -7.111578e-01
1.400121e+00 6.194924e-03 9.593566e-01 -7.106097e-01
1.401240e+00 6.165235e-03 9.595271e-01 -7.100624e-01
1.402360e+00 6.135673e-03 9.596971e-01 -7.095159e-01
1.403479e+00 6.106237e-03 9.598665e-01 -7.089701e-01
1.404598e+00 6.076926e-03 9.600354e-01 -7.084251e-01
1.405717e+00 6.047740e-03 9.602037e-01 -7.078809e-01
1.406836e+00 6.018679e-03 9.603715e-01 -7.073375e-01
1.407955e+00 5.989741e-03 9.605388e-01 -7.067948e-01
1.409074e+00 5.960926e-03 9.607055e-01 -7.062529e-01
1.410194e+00 5.932234e-03 9.608717e-01 -7.057118e-01
1.411313e+00 5.903665e-03 9.610373e-01 -7.051714e-01
1.412432e+00 5.875218e-03 9.612024e-01 -7.046318e-01
1.413551e+00 5.846892e-03 9.613670e-01 -7.040930e-01
1.414670e+00 5.818687e-03 9.615310e-01 -7.035549e-01
1.415789e+00 5.790603e-03 9.616945e-01 -7.030176e-01
1.416908e+00 5.762639e-03 9.618575e-01 -7.024810e-01
1.418028e+00 5.734794e-03 9.620200e-01 -7.019452e-01
1.419147e+00 5.707068e-03 9.621819e-01 -7.014102e-01
1.420266e+00 5.679461e-03 9.623432e-01 -7.008759e-01
1.421385e+00 5.651972e-03 9.625041e-01 -7.003423e-01
1.422504e+00 5.624601e-03 9.626644e-01 -6.998095e-01
1.423623e+00 5.597347e-03 9.628242e-01 -6.992775e-01
1.424742e+00 5.570210e-03 9.629835e-01 -6.987462e-01
1.425862e+00 5.543189e-03 9.631423e-01 -6.982157e-01
1.426981e+00 5.516284e-03 9.633005e-01 -6.976858e-01
1.428100e+00 5.489495e-03 9.634582e-01 -6.971568e-01
1.429219e+00 5.462820e-03 9.636154e-01 -6.966285e-01
1.430338e+00 5.436260e-03 9.637721e-01 -6.961009e-01
1.431457e+00 5.409815e-03 9.639282e-01 -6.955740e-01
1.432576e+00 5.383482e-03 9.640839e-01 -6.950479e-01
1.433696e+00 5.357263e-03 9.642390e-01 -6.945226e-01
1.434815e+00 5.331157e-03 9.643936e-01 -6.939979e-01
1.435934e+00 5.305163e-03 9.645477e-01 -6.934740e-01
1.437053e+00 5.279281e-03 9.647013e-01 -6.929509e-01
1.438172e+00 5.253510e-03 9.648543e-01 -6.924285e-01
1.439291e+00 5.227850e-03 9.650069e-01 -6.919068e-01
1.440410e+00 5.202301e-03 9.651589e-01 -6.913858e-01
1.441530e+00 5.176862e-03 9.653105e-01 -6.908655e-01
1.442649e+00 5.151533e-03 9.654615e-01 -6.903460e-01
1.443768e+00 5.126313e-03 9.656121e-01 -6.898272e-01
1.444887e+00 5.101202e-03 9.657621e-01 -6.893091e-01
1.446006e+00 5.076199e-03 9.659116e-01 -6.887918e-01
1.447125e+00 5.051305e-03 9.660606e-01 -6.882752e-01
1.448244e+00 5.026518e-03 9.662091e-01 -6.877592e-01
1.449364e+00 5.001838e-03 9.663572e-01 -6.872441e-01
1.450483e+00 4.977265e-03 9.665047e-01 -6.867296e-01
1.451602e+00 4.952798e-03 9.666517e-01 -6.862158e-01
1.452721e+00 4.928437e-03 9.667982e-01 -6.857028e-01
1.453840e+00 4.904181e-03 9.669443e-01 -6.851904e-01
1.454959e+00 4.880031e-03 9.670898e-01 -6.846788e-01
1.456078e+00 4.855986e-03 9.672348e-01 -6.841679e-01
1.457198e+00 4.832044e-03 9.673794e-01 -6.836577e-01
1.458317e+00 4.808207e-03 9.675234e-01 -6.831482e-01
1.459436e+00 4.784473e-03 9.676670e-01 -6.826394e-01
1.460555e+00 4.760842e-03 9.678101e-01 -6.821313e-01
1.461674e+00 4.737314e-03 9.679526e-01 -6.816239e-01
1.462793e+00 4.713888e-03 9.680947e-01 -6.811172e-01
1.463912e+00 4.690564e-03 9.682364e-01 -6.806112e-01
1.465032e+00 4.667341e-03 9.683775e-01 -6.801059e-01
1.466151e+00 4.644219e-03 9.685181e-01 -6.796014e-01
1.467270e+00 4.621199e-03 9.686583e-01 -6.790975e-01
1.468389e+00 4.598278e-03 9.687980e-01 -6.785943e-01
1.469508e+00 4.575457e-03 9.689371e-01 -6.780918e-01
1.470627e+00 4.552736e-03 9.690759e-01 -6.775900e-01
1.471746e+00 4.530114e-03 9.692141e-01 -6.770888e-01
1.472866e+00 4.507591e-03 9.693519e-01 -6.765884e-01
1.473985e+00 4.485166e-03 9.694891e-01 -6.760887e-01
1.475104e+00 4.462839e-03 9.696259e-01 -6.755896e-01
1.476223e+00 4.440609e-03 9.697623e-01 -6.750913e-01
1.477342e+00 4.418477e-03 9.698981e-01 -6.745936e-01
1.478461e+00 4.396442e-03 9.700335e-01 -6.740966e-01
1.479580e+00 4.374503e-03 9.701684e-01 -6.736003e-01
1.480700e+00 4.352660e-03 9.703029e-01 -6.731046e-01
1.481819e+00 4.330913e-03 9.704369e-01 -6.726097e-01
1.482938e+00 4.309261e-03 9.705704e-01 -6.721154e-01
1.484057e+00 4.287704e-03 9.707034e-01 -6.716218e-01
1.485176e+00 4.266242e-03 9.708360e-01 -6.711289e-01
1.486295e+00 4.244874e-03 9.709681e-01 -6.706367e-01
1.487414e+00 4.223600e-03 9.710997e-01 -6.701451e-01
1.488534e+00 4.202419e-03 9.712309e-01 -6.696542e-01
1.489653e+00 4.181331e-03 9.713616e-01 -6.691640e-01
1.490772e+00 4.160336e-03 9.714919e-01 -6.686744e-01
1.491891e+00 4.139434e-03 9.716217e-01 -6.681855e-01
1.493010e+00 4.118624e-03 9.717511e-01 -6.676973e-01
1.494129e+00 4.097905e-03 9.718799e-01 -6.672098e-01
1.495249e+00 4.077277e-03 9.720084e-01 -6.667229e-01
1.496368e+00 4.056741e-03 9.721363e-01 -6.662367e-01
1.497487e+00 4.036295e-03 9.722639e-01 -6.657511e-01
1.498606e+00 4.015939e-03 9.723909e-01 -6.652662e-01
1.499725e+00 3.995674e-03 9.725175e-01 -6.647820e-01
1.500844e+00 3.975497e-03 9.726437e-01 -6.642984e-01
1.501963e+00 3.955410e-03 9.727694e-01 -6.638155e-01
1.503083e+00 3.935412e-03 9.728947e-01 -6.633332e-01
1.504202e+00 3.915503e-03 9.730195e-01 -6.628516e-01
1.505321e+00 3.895681e-03 9.731439e-01 -6.623707e-01
1.506440e+00 3.875947e-03 9.732678e-01 -6.618904e-01
1.507559e+00 3.856301e-03 9.733913e-01 -6.614107e-01
1.508678e+00 3.836742e-03 9.735143e-01 -6.609317e-01
1.509797e+00 3.817270e-03 9.736369e-01 -6.604534e-01
1.510917e+00 3.797884e-03 9.737591e-01 -6.599757e-01
1.512036e+00 3.778584e-03 9.738808e-01 -6.594987e-01
1.513155e+00 3.759370e-03 9.740020e-01 -6.590223e-01
1.514274e+00 3.740242e-03 9.741229e-01 -6.585465e-01
1.515393e+00 3.721199e-03 9.742433e-01 -6.580714e-01
1.516512e+00 3.702240e-03 9.743632e-01 -6.575969e-01
1.517631e+00 3.683366e-03 9.744828e-01 -6.571231e-01
1.518751e+00 3.664576e-03 9.746019e-01 -6.566499e-01
1.519870e+00 3.645869e-03 9.747205e-01 -6.561773e-01
1.520989e+00 3.627246e-03 9.748387e-01 -6.557054e-01
1.522108e+00 3.608707e-03 9.749565e-01 -6.552342e-01
1.523227e+00 3.590250e-03 9.750739e-01 -6.547635e-01
1.524346e+00 3.571875e-03 9.751908e-01 -6.542935e-01
1.525465e+00 3.553583e-03 9.753074e-01 -6.538241e-01
1.526585e+00 3.535373e-03 9.754234e-01 -6.533554e-01
1.527704e+00 3.517244e-03 9.755391e-01 -6.528873e-01
1.528823e+00 3.499196e-03 9.756543e-01 -6.524198e-01
1.529942e+00 3.481229e-03 9.757691e-01 -6.519530e-01
1.531061e+00 3.463343e-03 9.758835e-01 -6.514868e-01
1.532180e+00 3.445536e-03 9.759975e-01 -6.510212e-01
1.533299e+00 3.427810e-03 9.761110e-01 -6.505562e-01
1.534419e+00 3.410164e-03 9.762242e-01 -6.500918e-01
1.535538e+00 3.392596e-03 9.763369e-01 -6.496281e-01
1.536657e+00 3.375108e-03 9.764492e-01 -6.491650e-01
1.537776e+00 3.357698e-03 9.765610e-01 -6.487026e-01
1.538895e+00 3.340367e-03 9.766725e-01 -6.482407e-01
1.540014e+00 3.323114e-03 9.767835e-01 -6.477795e-01
1.541133e+00 3.305939e-03 9.768942e-01 -6.473188e-01
1.542253e+00 3.288841e-03 9.770044e-01 -6.468588e-01
1.543372e+00 3.271820e-03 9.771142e-01 -6.463994e-01
1.544491e+00 3.254876e-03 9.772236e-01 -6.459407e-01
1.545610e+00 3.238008e-03 9.773326e-01 -6.454825e-01
1.546729e+00 3.221217e-03 9.774412e-01 -6.450250e-01
1.547848e+00 3.204502e-03 9.775494e-01 -6.445680e-01
1.548967e+00 3.187862e-03 9.776571e-01 -6.441117e-01
1.550087e+00 3.171298e-03 9.777645e-01 -6.436560e-01
1.551206e+00 3.154808e-03 9.778715e-01 -6.432009e-01
1.552325e+00 3.138394e-03 9.779780e-01 -6.427463e-01
1.553444e+00 3.122054e-03 9.780842e-01 -6.422924e-01
1.554563e+00 3.105788e-03 9.781899e-01 -6.418391e-01
1.555682e+00 3.089596e-03 9.782953e-01 -6.413865e-01
1.556801e+00 3.073477e-03 9.784002e-01 -6.409344e-01
1.557921e+00 3.057432e-03 9.785048e-01 -6.404829e-01
1.559040e+00 3.041460e-03 9.786090e-01 -6.400320e-01
1.560159e+00 3.025560e-03 9.787127e-01 -6.395817e-01
1.561278e+00 3.009733e-03 9.788161e-01 -6.391320e-01
1.562397e+00 2.993978e-03 9.789191e-01 -6.386829e-01
1.563516e+00 2.978295e-03 9.790217e-01 -6.382344e-01
1.564635e+00 2.962684e-03 9.791239e-01 -6.377865e-01
1.565755e+00 2.947144e-03 9.792257e-01 -6.373392e-01
1.566874e+00 2.931674e-03 9.793271e-01 -6.368925e-01
1.567993e+00 2.916276e-03 9.794281e-01 -6.364463e-01
1.569112e+00 2.900948e-03 9.795288e-01 -6.360008e-01
1.570231e+00 2.885690e-03 9.796290e-01 -6.355559e-01
1.571350e+00 2.870502e-03 9.797289e-01 -6.351115e-01
1.572469e+00 2.855383e-03 9.798284e-01 -6.346677e-01
1.573589e+00 2.840334e-03 9.799275e-01 -6.342246e-01
1.574708e+00 2.825354e-03 9.800262e-01 -6.337820e-01
1.575827e+00 2.810443e-03 9.801245e-01 -6.333399e-01
1.576946e+00 2.795600e-03 9.802225e-01 -6.328985e-01
1.578065e+00 2.780825e-03 9.803201e-01 -6.324577e-01
1.579184e+00 2.766119e-03 9.804173e-01 -6.320174e-01
1.580303e+00 2.751480e-03 9.805141e-01 -6.315777e-01
1.581423e+00 2.736909e-03 9.806106e-01 -6.311386e-01
1.582542e+00 2.722404e-03 9.807066e-01 -6.307001e-01
1.583661e+00 2.707967e-03 9.808023e-01 -6.302621e-01
1.584780e+00 2.693596e-03 9.808977e-01 -6.298247e-01
1.585899e+00 2.679292e-03 9.809926e-01 -6.293879e-01
1.587018e+00 2.665053e-03 9.810872e-01 -6.289517e-01
1.588137e+00 2.650881e-03 9.811814e-01 -6.285160e-01
1.589257e+00 2.636774e-03 9.812753e-01 -6.280809e-01
1.590376e+00 2.622732e-03 9.813687e-01 -6.276464e-01
1.591495e+00 2.608756e-03 9.814618e-01 -6.272125e-01
1.592614e+00 2.594844e-03 9.815546e-01 -6.267791e-01
1.593733e+00 2.580997e-03 9.816470e-01 -6.263463e-01
1.594852e+00 2.567214e-03 9.817390e-01 -6.259141e-01
1.595972e+00 2.553495e-03 9.818306e-01 -6.254824e-01
1.597091e+00 2.539840e-03 9.819219e-01 -6.250513e-01
1.598210e+00 2.526248e-03 9.820129e-01 -6.246207e-01
1.599329e+00 2.512720e-03 9.821034e-01 -6.241908e-01
1.600448e+00 2.499254e-03 9.821936e-01 -6.237613e-01
1.601567e+00 2.485852e-03 9.822835e-01 -6.233325e-01
1.602686e+00 2.472511e-03 9.823730e-01 -6.229042e-01
1.603806e+00 2.459234e-03 9.824621e-01 -6.224764e-01
1.604925e+00 2.446018e-03 9.825509e-01 -6.220492e-01
1.606044e+00 2.432863e-03 9.826393e-01 -6.216226e-01
1.607163e+00 2.419771e-03 9.827274e-01 -6.211965e-01
1.608282e+00 2.406739e-03 9.828151e-01 -6.207710e-01
1.609401e+00 2.393769e-03 9.829025e-01 -6.203461e-01
1.610520e+00 2.380859e-03 9.829895e-01 -6.199217e-01
1.611640e+00 2.368010e-03 9.830762e-01 -6.194978e-01
1.612759e+00 2.355221e-03 9.831625e-01 -6.190745e-01
1.613878e+00 2.342492e-03 9.832485e-01 -6.186517e-01
1.614997e+00 2.329823e-03 9.833341e-01 -6.182295e-01
1.616116e+00 2.317214e-03 9.834194e-01 -6.178079e-01
1.617235e+00 2.304664e-03 9.835044e-01 -6.173868e-01
1.618354e+00 2.292173e-03 9.835890e-01 -6.169662e-01
1.619474e+00 2.279741e-03 9.836732e-01 -6.165462e-01
1.620593e+00 2.267367e-03 9.837571e-01 -6.161267e-01
1.621712e+00 2.255052e-03 9.838407e-01 -6.157078e-01
1.622831e+00 2.242794e-03 9.839240e-01 -6.152894e-01
1.623950e+00 2.230595e-03 9.840069e-01 -6.148715e-01
1.625069e+00 2.218454e-03 9.840894e-01 -6.144542e-01
1.626188e+00 2.206369e-03 9.841716e-01 -6.140374e-01
1.627308e+00 2.194342e-03 9.842535e-01 -6.136212e-01
1.628427e+00 2.182372e-03 9.843351e-01 -6.132055e-01
1.629546e+00 2.170459e-03 9.844163e-01 -6.127904e-01
1.630665e+00 2.158602e-03 9.844972e-01 -6.123757e-01
1.631784e+00 2.146802e-03 9.845778e-01 -6.119616e-01
1.632903e+00 2.135057e-03 9.846580e-01 -6.115481e-01
1.634022e+00 2.123369e-03 9.847379e-01 -6.111351e-01
1.635142e+00 2.111736e-03 9.848175e-01 -6.107226e-01
1.636261e+00 2.100158e-03 9.848967e-01 -6.103106e-01
1.637380e+00 2.088635e-03 9.849756e-01 -6.098992e-01
1.638499e+00 2.077168e-03 9.850542e-01 -6.094883e-01
1.639618e+00 2.065755e-03 9.851325e-01 -6.090779e-01
1.640737e+00 2.054396e-03 9.852104e-01 -6.086681e-01
1.641856e+00 2.043092e-03 9.852880e-01 -6.082588e-01
1.642976e+00 2.031842e-03 9.853653e-01 -6.078500e-01
1.644095e+00 2.020645e-03 9.854423e-01 -6.074417e-01
1.645214e+00 2.009503e-03 9.855189e-01 -6.070340e-01
1.646333e+00 1.998413e-03 9.855953e-01 -6.066268e-01
1.647452e+00 1.987377e-03 9.856713e-01 -6.062201e-01
1.648571e+00 1.976394e-03 9.857470e-01 -6.058139e-01
1.649690e+00 1.965463e-03 9.858224e-01 -6.054082e-01
1.650810e+00 1.954585e-03 9.858974e-01 -6.050031e-01
1.651929e+00 1.943759e-03 9.859722e-01 -6.045985e-01
1.653048e+00 1.932985e-03 9.860466e-01 -6.041944e-01
1.654167e+00 1.922263e-03 9.861208e-01 -6.037908e-01
1.655286e+00 1.911593e-03 9.861946e-01 -6.033877e-01
1.656405e+00 1.900974e-03 9.862681e-01 -6.029852e-01
1.657524e+00 1.890407e-03 9.863413e-01 -6.025831e-01
1.658644e+00 1.879890e-03 9.864142e-01 -6.021816e-01
1.659763e+00 1.869424e-03 9.864868e-01 -6.017806e-01
1.660882e+00 1.859009e-03 9.865590e-01 -6.013801e-01
1.662001e+00 1.848645e-03 9.866310e-01 -6.009801e-01
1.663120e+00 1.838330e-03 9.867027e-01 -6.005806e-01
1.664239e+00 1.828065e-03 9.867740e-01 -6.001816e-01
1.665358e+00 1.817851e-03 9.868451e-01 -5.997831e-01
1.666478e+00 1.807685e-03 9.869158e-01 -5.993852e-01
1.667597e+00 1.797569e-03 9.869863e-01 -5.989877e-01
1.668716e+00 1.787503e-03 9.870564e-01 -5.985908e-01
1.669835e+00 1.777485e-03 9.871263e-01 -5.981943e-01
1.670954e+00 1.767516e-03 9.871958e-01 -5.977984e-01
1.672073e+00 1.757595e-03 9.872651e-01 -5.974029e-01
1.673192e+00 1.747723e-03 9.873340e-01 -5.970080e-01
1.674312e+00 1.737899e-03 9.874027e-01 -5.966135e-01
1.675431e+00 1.728123e-03 9.874711e-01 -5.962196e-01
1.676550e+00 1.718395e-03 9.875392e-01 -5.958262e-01
1.677669e+00 1.708714e-03 9.876069e-01 -5.954332e-01
1.678788e+00 1.699081e-03 9.876744e-01 -5.950408e-01
1.679907e+00 1.689495e-03 9.877416e-01 -5.946488e-01
1.681026e+00 1.679956e-03 9.878085e-01 -5.942574e-01
1.682146e+00 1.670463e-03 9.878752e-01 -5.938664e-01
1.683265e+00 1.661017e-03 9.879415e-01 -5.934759e-01
1.684384e+00 1.651618e-03 9.880075e-01 -5.930859e-01
1.685503e+00 1.642265e-03 9.880733e-01 -5.926965e-01
1.686622e+00 1.632957e-03 9.881388e-01 -5.923075e-01
1.687741e+00 1.623696e-03 9.882039e-01 -5.919190e-01
1.688860e+00 1.614480e-03 9.882688e-01 -5.915310e-01
1.689980e+00 1.605310e-03 9.883335e-01 -5.911434e-01
1.691099e+00 1.596185e-03 9.883978e-01 -5.907564e-01
1.692218e+00 1.587104e-03 9.884619e-01 -5.903698e-01
1.693337e+00 1.578069e-03 9.885256e-01 -5.899838e-01
1.694456e+00 1.569078e-03 9.885891e-01 -5.895982e-01
1.695575e+00 1.560132e-03 9.886524e-01 -5.892131e-01
1.696695e+00 1.551231e-03 9.887153e-01 -5.888285e-01
1.697814e+00 1.542373e-03 9.887780e-01 -5.884444e-01
1.698933e+00 1.533559e-03 9.888404e-01 -5.880607e-01
1.700052e+00 1.524789e-03 9.889025e-01 -5.876775e-01
1.701171e+00 1.516062e-03 9.889643e-01 -5.872949e-01
1.702290e+00 1.507379e-03 9.890259e-01 -5.869126e-01
1.703409e+00 1.498739e-03 9.890872e-01 -5.865309e-01
1.704529e+00 1.490143e-03 9.891482e-01 -5.861497e-01
1.705648e+00 1.481588e-03 9.892089e-01 -5.857689e-01
1.706767e+00 1.473077e-03 9.892694e-01 -5.853886e-01
1.707886e+00 1.464608e-03 9.893296e-01 -5.850088e-01
1.709005e+00 1.456181e-03 9.893896e-01 -5.846294e-01
1.710124e+00 1.447797e-03 9.894493e-01 -5.842506e-01
1.711243e+00 1.439454e-03 9.895087e-01 -5.838722e-01
1.712363e+00 1.431153e-03 9.895678e-01 -5.834942e-01
1.713482e+00 1.422894e-03 9.896267e-01 -5.831168e-01
1.714601e+00 1.414676e-03 9.896853e-01 -5.827398e-01
1.715720e+00 1.406500e-03 9.897437e-01 -5.823633e-01
1.716839e+00 1.398364e-03 9.898018e-01 -5.819872e-01
1.717958e+00 1.390269e-03 9.898596e-01 -5.816116e-01
1.719077e+00 1.382215e-03 9.899172e-01 -5.812365e-01
1.720197e+00 1.374202e-03 9.899745e-01 -5.808619e-01
1.721316e+00 1.366229e-03 9.900316e-01 -5.804877e-01
1.722435e+00 1.358296e-03 9.900884e-01 -5.801140e-01
1.723554e+00 1.350403e-03 9.901449e-01 -5.797407e-01
1.724673e+00 1.342550e-03 9.902012e-01 -5.793679e-01
1.725792e+00 1.334737e-03 9.902573e-01 -5.789956e-01
1.726911e+00 1.326963e-03 9.903130e-01 -5.786237e-01
1.728031e+00 1.319228e-03 9.903686e-01 -5.782523e-01
1.729150e+00 1.311533e-03 9.904238e-01 -5.778814e-01
1.730269e+00 1.303877e-03 9.904789e-01 -5.775109e-01
1.731388e+00 1.296259e-03 9.905336e-01 -5.771408e-01
1.732507e+00 1.288680e-03 9.905882e-01 -5.767713e-01
1.733626e+00 1.281140e-03 9.906424e-01 -5.764022e-01
1.734745e+00 1.273638e-03 9.906965e-01 -5.760335e-01
1.735865e+00 1.266174e-03 9.907502e-01 -5.756653e-01
1.736984e+00 1.258748e-03 9.908038e-01 -5.752976e-01
1.738103e+00 1.251360e-03 9.908571e-01 -5.749303e-01
1.739222e+00 1.244010e-03 9.909101e-01 -5.745634e-01
1.740341e+00 1.236697e-03 9.909629e-01 -5.741970e-01
1.741460e+00 1.229422e-03 9.910155e-01 -5.738311e-01
1.742579e+00 1.222184e-03 9.910678e-01 -5.734656e-01
1.743699e+00 1.214983e-03 9.911198e-01 -5.731006e-01
1.744818e+00 1.207819e-03 9.911717e-01 -5.727360e-01
1.745937e+00 1.200691e-03 9.912233e-01 -5.723718e-01
1.747056e+00 1.193600e-03 9.912746e-01 -5.720081e-01
1.748175e+00 1.186546e-03 9.913257e-01 -5.716449e-01
1.749294e+00 1.179527e-03 9.913766e-01 -5.712821e-01
1.750413e+00 1.172545e-03 9.914273e-01 -5.709198e-01
1.751533e+00 1.165599e-03 9.914777e-01 -5.705578e-01
1.752652e+00 1.158688e-03 9.915278e-01 -5.701964e-01
1.753771e+00 1.151814e-03 9.915778e-01 -5.698354e-01
1.754890e+00 1.144974e-03 9.916275e-01 -5.694748e-01
1.756009e+00 1.138170e-03 9.916770e-01 -5.691146e-01
1.757128e+00 1.131401e-03 9.917262e-01 -5.687549e-01
1.758247e+00 1.124667e-03 9.917752e-01 -5.683957e-01
1.759367e+00 1.117968e-03 9.918240e-01 -5.680369e-01
1.760486e+00 1.111304e-03 9.918726e-01 -5.676785e-01
1.761605e+00 1.104674e-03 9.919209e-01 -5.673205e-01
1.762724e+00 1.098079e-03 9.919690e-01 -5.669630e-01
1.763843e+00 1.091517e-03 9.920168e-01 -5.666060e-01
1.764962e+00 1.084990e-03 9.920645e-01 -5.662493e-01
1.766081e+00 1.078497e-03 9.921119e-01 -5.658931e-01
1.767201e+00 1.072038e-03 9.921591e-01 -5.655374e-01
1.768320e+00 1.065612e-03 9.922061e-01 -5.651821e-01
1.769439e+00 1.059220e-03 9.922528e-01 -5.648272e-01
1.770558e+00 1.052861e-03 9.922994e-01 -5.644727e-01
1.771677e+00 1.046536e-03 9.923457e-01 -5.641187e-01
1.772796e+00 1.040243e-03 9.923918e-01 -5.637651e-01
1.773915e+00 1.033984e-03 9.924376e-01 -5.634119e-01
1.775035e+00 1.027757e-03 9.924833e-01 -5.630591e-01
1.776154e+00 1.021563e-03 9.925287e-01 -5.627068e-01
1.777273e+00 1.015401e-03 9.925739e-01 -5.623549e-01
1.778392e+00 1.009272e-03 9.926189e-01 -5.620035e-01
1.779511e+00 1.003175e-03 9.926637e-01 -5.616524e-01
1.780630e+00 9.971094e-04 9.927083e-01 -5.613018e-01
1.781749e+00 9.910762e-04 9.927526e-01 -5.609516e-01
1.782869e+00 9.850748e-04 9.927968e-01 -5.606019e-01
1.783988e+00 9.791050e-04 9.928407e-01 -5.602525e-01
1.785107e+00 9.731667e-04 9.928844e-01 -5.599036e-01
1.786226e+00 9.672598e-04 9.929279e-01 -5.595551e-01
1.787345e+00 9.613841e-04 9.929712e-01 -5.592071e-01
1.788464e+00 9.555394e-04 9.930143e-01 -5.588594e-01
1.789583e+00 9.497257e-04 9.930572e-01 -5.585122e-01
1.790703e+00 9.439428e-04 9.930999e-01 -5.581654e-01
1.791822e+00 9.381905e-04 9.931423e-01 -5.578190e-01
1.792941e+00 9.324688e-04 9.931846e-01 -5.574730e-01
1.794060e+00 9.267774e-04 9.932266e-01 -5.571274e-01
1.795179e+00 9.211164e-04 9.932685e-01 -5.567823e-01
1.796298e+00 9.154854e-04 9.933101e-01 -5.564376e-01
1.797418e+00 9.098844e-04 9.933516e-01 -5.560933e-01
1.798537e+00 9.043132e-04 9.933928e-01 -5.557494e-01
1.799656e+00 8.987718e-04 9.934339e-01 -5.554059e-01
1.800775e+00 8.932599e-04 9.934747e-01 -5.550628e-01
1.801894e+00 8.877775e-04 9.935153e-01 -5.547201e-01
1.803013e+00 8.823244e-04 9.935558e-01 -5.543779e-01
1.804132e+00 8.769004e-04 9.935960e-01 -5.540361e-01
1.805252e+00 8.715056e-04 9.936361e-01 -5.536946e-01
1.806371e+00 8.661396e-04 9.936759e-01 -5.533536e-01
1.807490e+00 8.608024e-04 9.937155e-01 -5.530130e-01
1.808609e+00 8.554939e-04 9.937550e-01 -5.526728e-01
1.809728e+00 8.502139e-04 9.937943e-01 -5.523330e-01
1.810847e+00 8.449624e-04 9.938333e-01 -5.519936e-01
1.811966e+00 8.397390e-04 9.938722e-01 -5.516546e-01
1.813086e+00 8.345439e-04 9.939109e-01 -5.513161e-01
1.814205e+00 8.293767e-04 9.939494e-01 -5.509779e-01
1.815324e+00 8.242374e-04 9.939877e-01 -5.506401e-01
1.816443e+00 8.191259e-04 9.940258e-01 -5.503028e-01
1.817562e+00 8.140420e-04 9.940637e-01 -5.499658e-01
1.818681e+00 8.089857e-04 9.941014e-01 -5.496292e-01
1.819800e+00 8.039567e-04 9.941389e-01 -5.492931e-01
1.820920e+00 7.989549e-04 9.941763e-01 -5.489573e-01
1.822039e+00 7.939804e-04 9.942134e-01 -5.486220e-01
1.823158e+00 7.890328e-04 9.942504e-01 -5.482870e-01
1.824277e+00 7.841121e-04 9.942872e-01 -5.479524e-01
1.825396e+00 7.792181e-04 9.943238e-01 -5.476183e-01
1.826515e+00 7.743508e-04 9.943602e-01 -5.472845e-01
1.827634e+00 7.695100e-04 9.943965e-01 -5.469511e-01
1.828754e+00 7.646957e-04 9.944325e-01 -5.466182e-01
1.829873e+00 7.599075e-04 9.944684e-01 -5.462856e-01
1.830992e+00 7.551456e-04 9.945041e-01 -5.459534e-01
1.832111e+00 7.504097e-04 9.945396e-01 -5.456216e-01
1.833230e+00 7.456996e-04 9.945750e-01 -5.452902e-01
1.834349e+00 7.410154e-04 9.946101e-01 -5.449592e-01
1.835468e+00 7.363569e-04 9.946451e-01 -5.446286e-01
1.836588e+00 7.317239e-04 9.946799e-01 -5.442984e-01
1.837707e+00 7.271164e-04 9.947145e-01 -5.439686e-01
1.838826e+00 7.225341e-04 9.947490e-01 -5.436391e-01
1.839945e+00 7.179771e-04 9.947832e-01 -5.433101e-01
1.841064e+00 7.134452e-04 9.948173e-01 -5.429814e-01
1.842183e+00 7.089382e-04 9.948513e-01 -5.426531e-01
1.843302e+00 7.044561e-04 9.948850e-01 -5.423253e-01
1.844422e+00 6.999987e-04 9.949186e-01 -5.419978e-01
1.845541e+00 6.955660e-04 9.949520e-01 -5.416706e-01
1.846660e+00 6.911577e-04 9.949852e-01 -5.413439e-01
1.847779e+00 6.867739e-04 9.950183e-01 -5.410176e-01
1.848898e+00 6.824143e-04 9.950512e-01 -5.406916e-01
1.850017e+00 6.780789e-04 9.950839e-01 -5.403660e-01
1.851136e+00 6.737676e-04 9.951164e-01 -5.400408e-01
1.852256e+00 6.694802e-04 9.951488e-01 -5.397160e-01
1.853375e+00 6.652166e-04 9.951810e-01 -5.393916e-01
1.854494e+00 6.609767e-04 9.952131e-01 -5.390676e-01
1.855613e+00 6.567605e-04 9.952450e-01 -5.387439e-01
1.856732e+00 6.525678e-04 9.952767e-01 -5.384206e-01
1.857851e+00 6.483984e-04 9.953083e-01 -5.380977e-01
1.858970e+00 6.442523e-04 9.953397e-01 -5.377752e-01
1.860090e+00 6.401294e-04 9.953709e-01 -5.374530e-01
1.861209e+00 6.360295e-04 9.954020e-01 -5.371313e-01
1.862328e+00 6.319526e-04 9.954329e-01 -5.368099e-01
1.863447e+00 6.278985e-04 9.954636e-01 -5.364888e-01
1.864566e+00 6.238672e-04 9.954942e-01 -5.361682e-01
1.865685e+00 6.198584e-04 9.955246e-01 -5.358479e-01
1.866804e+00 6.158722e-04 9.955549e-01 -5.355280e-01
1.867924e+00 6.119084e-04 9.955850e-01 -5.352085e-01
1.869043e+00 6.079669e-04 9.956149e-01 -5.348894e-01
1.870162e+00 6.040476e-04 9.956447e-01 -5.345706e-01
1.871281e+00 6.001504e-04 9.956743e-01 -5.342522e-01
1.872400e+00 5.962752e-04 9.957038e-01 -5.339342e-01
1.873519e+00 5.924219e-04 9.957331e-01 -5.336165e-01
1.874638e+00 5.885903e-04 9.957623e-01 -5.332992e-01
1.875758e+00 5.847805e-04 9.957913e-01 -5.329823e-01
1.876877e+00 5.809922e-04 9.958202e-01 -5.326657e-01
1.877996e+00 5.772253e-04 9.958489e-01 -5.323495e-01
1.879115e+00 5.734798e-04 9.958775e-01 -5.320337e-01
1.880234e+00 5.697556e-04 9.959059e-01 -5.317183e-01
1.881353e+00 5.660526e-04 9.959341e-01 -5.314032e-01
1.882472e+00 5.623706e-04 9.959622e-01 -5.310885e-01
1.883592e+00 5.587096e-04 9.959902e-01 -5.307741e-01
1.884711e+00 5.550694e-04 9.960180e-01 -5.304601e-01
1.885830e+00 5.514500e-04 9.960456e-01 -5.301465e-01
1.886949e+00 5.478512e-04 9.960731e-01 -5.298332e-01
1.888068e+00 5.442730e-04 9.961005e-01 -5.295203e-01
1.889187e+00 5.407153e-04 9.961277e-01 -5.292078e-01
1.890306e+00 5.371779e-04 9.961548e-01 -5.288956e-01
1.891426e+00 5.336608e-04 9.961817e-01 -5.285838e-01
1.892545e+00 5.301638e-04 9.962085e-01 -5.282723e-01
1.893664e+00 5.266869e-04 9.962351e-01 -5.279612e-01
1.894783e+00 5.232300e-04 9.962616e-01 -5.276505e-01
1.895902e+00 5.197930e-04 9.962879e-01 -5.273401e-01
1.897021e+00 5.163757e-04 9.963141e-01 -5.270301e-01
1.898141e+00 5.129781e-04 9.963402e-01 -5.267205e-01
1.899260e+00 5.096001e-04 9.963661e-01 -5.264111e-01
1.900379e+00 5.062415e-04 9.963919e-01 -5.261022e-01
1.901498e+00 5.029024e-04 9.964176e-01 -5.257936e-01
1.902617e+00 4.995826e-04 9.964431e-01 -5.254854e-01
1.903736e+00 4.962819e-04 9.964684e-01 -5.251775e-01
1.904855e+00 4.930004e-04 9.964936e-01 -5.248700e-01
1.905975e+00 4.897379e-04 9.965187e-01 -5.245628e-01
1.907094e+00 4.864943e-04 9.965437e-01 -5.242560e-01
1.908213e+00 4.832696e-04 9.965685e-01 -5.239495e-01
1.909332e+00 4.800636e-04 9.965932e-01 -5.236434e-01
1.910451e+00 4.768762e-04 9.966177e-01 -5.233376e-01
1.911570e+00 4.737074e-04 9.966421e-01 -5.230322e-01
1.912689e+00 4.705570e-04 9.966664e-01 -5.227271e-01
1.913809e+00 4.674250e-04 9.966906e-01 -5.224224e-01
1.914928e+00 4.643113e-04 9.967146e-01 -5.221180e-01
1.916047e+00 4.612158e-04 9.967384e-01 -5.218140e-01
1.917166e+00 4.581384e-04 9.967622e-01 -5.215103e-01
1.918285e+00 4.550790e-04 9.967858e-01 -5.212070e-01
1.919404e+00 4.520376e-04 9.968093e-01 -5.209040e-01
1.920523e+00 4.490139e-04 9.968327e-01 -5.206014e-01
1.921643e+00 4.460080e-04 9.968559e-01 -5.202991e-01
1.922762e+00 4.430198e-04 9.968790e-01 -5.199972e-01
1.923881e+00 4.400491e-04 9.969019e-01 -5.196956e-01
1.925000e+00 4.370959e-04 9.969248e-01 -5.193943e-01
1.926119e+00 4.341601e-04 9.969475e-01 -5.190934e-01
1.927238e+00 4.312416e-04 9.969701e-01 -5.187928e-01
1.928357e+00 4.283403e-04 9.969926e-01 -5.184926e-01
1.929477e+00 4.254562e-04 9.970149e-01 -5.181927e-01
1.930596e+00 4.225891e-04 9.970371e-01 -5.178932e-01
1.931715e+00 4.197390e-04 9.970592e-01 -5.175940e-01
1.932834e+00 4.169058e-04 9.970812e-01 -5.172951e-01
1.933953e+00 4.140893e-04 9.971030e-01 -5.169966e-01
1.935072e+00 4.112896e-04 9.971247e-01 -5.166984e-01
1.936191e+00 4.085065e-04 9.971463e-01 -5.164005e-01
1.937311e+00 4.057399e-04 9.971678e-01 -5.161030e-01
1.938430e+00 4.029898e-04 9.971892e-01 -5.158059e-01
1.939549e+00 4.002560e-04 9.972104e-01 -5.155090e-01
1.940668e+00 3.975386e-04 9.972315e-01 -5.152125e-01
1.941787e+00 3.948373e-04 9.972525e-01 -5.149164e-01
1.942906e+00 3.921522e-04 9.972734e-01 -5.146205e-01
1.944025e+00 3.894832e-04 9.972941e-01 -5.143250e-01
1.945145e+00 3.868301e-04 9.973148e-01 -5.140299e-01
1.946264e+00 3.841929e-04 9.973353e-01 -5.137350e-01
1.947383e+00 3.815715e-04 9.973557e-01 -5.134405e-01
1.948502e+00 3.789658e-04 9.973760e-01 -5.131464e-01
1.949621e+00 3.763757e-04 9.973962e-01 -5.128525e-01
1.950740e+00 3.738013e-04 9.974163e-01 -5.125590e-01
1.951859e+00 3.712423e-04 9.974362e-01 -5.122659e-01
1.952979e+00 3.686987e-04 9.974560e-01 -5.119730e-01
1.954098e+00 3.661704e-04 9.974758e-01 -5.116805e-01
1.955217e+00 3.636574e-04 9.974954e-01 -5.113883e-01
1.956336e+00 3.611596e-04 9.975149e-01 -5.110965e-01
1.957455e+00 3.586768e-04 9.975342e-01 -5.108050e-01
1.958574e+00 3.562091e-04 9.975535e-01 -5.105138e-01
1.959693e+00 3.537563e-04 9.975727e-01 -5.102229e-01
1.960813e+00 3.513184e-04 9.975917e-01 -5.099324e-01
1.961932e+00 3.488952e-04 9.976107e-01 -5.096421e-01
1.963051e+00 3.464868e-04 9.976295e-01 -5.093523e-01
1.964170e+00 3.440930e-04 9.976482e-01 -5.090627e-01
1.965289e+00 3.417137e-04 9.976668e-01 -5.087734e-01
1.966408e+00 3.393490e-04 9.976853e-01 -5.084845e-01
1.967527e+00 3.369986e-04 9.977037e-01 -5.081959e-01
1.968647e+00 3.346626e-04 9.977220e-01 -5.079077e-01
1.969766e+00 3.323408e-04 9.977402e-01 -5.076197e-01
1.970885e+00 3.300332e-04 9.977583e-01 -5.073321e-01
1.972004e+00 3.277398e-04 9.977763e-01 -5.070448e-01
1.973123e+00 3.254603e-04 9.977942e-01 -5.067578e-01
1.974242e+00 3.231948e-04 9.978119e-01 -5.064711e-01
1.975361e+00 3.209433e-04 9.978296e-01 -5.061848e-01
1.976481e+00 3.187055e-04 9.978472e-01 -5.058987e-01
1.977600e+00 3.164815e-04 9.978646e-01 -5.056130e-01
1.978719e+00 3.142711e-04 9.978820e-01 -5.053276e-01
1.979838e+00 3.120744e-04 9.978992e-01 -5.050426e-01
1.980957e+00 3.098912e-04 9.979164e-01 -5.047578e-01
1.982076e+00 3.077215e-04 9.979334e-01 -5.044734e-01
1.983195e+00 3.055651e-04 9.979504e-01 -5.041893e-01
1.984315e+00 3.034221e-04 9.979672e-01 -5.039054e-01
1.985434e+00 3.012923e-04 9.979840e-01 -5.036220e-01
1.986553e+00 2.991757e-04 9.980006e-01 -5.033388e-01
1.987672e+00 2.970722e-04 9.980172e-01 -5.030559e-01
1.988791e+00 2.949817e-04 9.980337e-01 -5.027734e-01
1.989910e+00 2.929043e-04 9.980500e-01 -5.024911e-01
1.991029e+00 2.908397e-04 9.980663e-01 -5.022092e-01
1.992149e+00 2.887880e-04 9.980824e-01 -5.019276e-01
1.993268e+00 2.867490e-04 9.980985e-01 -5.016463e-01
1.994387e+00 2.847227e-04 9.981145e-01 -5.013653e-01
1.995506e+00 2.827091e-04 9.981304e-01 -5.010846e-01
1.996625e+00 2.807080e-04 9.981461e-01 -5.008043e-01
1.997744e+00 2.787194e-04 9.981618e-01 -5.005242e-01
1.998864e+00 2.767433e-04 9.981774e-01 -5.002445e-01
1.999983e+00 2.747795e-04 9.981929e-01 -4.999650e-01
2.001102e+00 2.728281e-04 9.982084e-01 -4.996859e-01
2.002221e+00 2.708888e-04 9.982237e-01 -4.994071e-01
2.003340e+00 2.689618e-04 9.982389e-01 -4.991286e-01
2.004459e+00 2.670468e-04 9.982540e-01 -4.988503e-01
2.005578e+00 2.651439e-04 9.982691e-01 -4.985724e-01
2.006698e+00 2.632529e-04 9.982840e-01 -4.982948e-01
2.007817e+00 2.613739e-04 9.982989e-01 -4.980175e-01
2.008936e+00 2.595067e-04 9.983137e-01 -4.977406e-01
2.010055e+00 2.576513e-04 9.983284e-01 -4.974639e-01
2.011174e+00 2.558076e-04 9.983429e-01 -4.971875e-01
2.012293e+00 2.539756e-04 9.983575e-01 -4.969114e-01
2.013412e+00 2.521552e-04 9.983719e-01 -4.966357e-01
2.014532e+00 2.503462e-04 9.983862e-01 -4.963602e-01
2.015651e+00 2.485488e-04 9.984005e-01 -4.960850e-01
2.016770e+00 2.467628e-04 9.984146e-01 -4.958101e-01
2.017889e+00 2.449881e-04 9.984287e-01 -4.955356e-01
2.019008e+00 2.432247e-04 9.984427e-01 -4.952613e-01
2.020127e+00 2.414725e-04 9.984566e-01 -4.949873e-01
2.021246e+00 2.397315e-04 9.984704e-01 -4.947137e-01
2.022366e+00 2.380015e-04 9.984841e-01 -4.944403e-01
2.023485e+00 2.362827e-04 9.984978e-01 -4.941672e-01
2.024604e+00 2.345747e-04 9.985113e-01 -4.938945e-01
2.025723e+00 2.328778e-04 9.985248e-01 -4.936220e-01
2.026842e+00 2.311916e-04 9.985382e-01 -4.933498e-01
2.027961e+00 2.295163e-04 9.985515e-01 -4.930780e-01
2.029080e+00 2.278517e-04 9.985648e-01 -4.928064e-01
2.030200e+00 2.261978e-04 9.985779e-01 -4.925351e-01
2.031319e+00 2.245545e-04 9.985910e-01 -4.922641e-01
2.032438e+00 2.229218e-04 9.986040e-01 -4.919934e-01
2.033557e+00 2.212996e-04 9.986169e-01 -4.917230e-01
2.034676e+00 2.196878e-04 9.986297e-01 -4.914529e-01
2.035795e+00 2.180865e-04 9.986425e-01 -4.911831e-01
2.036914e+00 2.164954e-04 9.986551e-01 -4.909136e-01
2.038034e+00 2.149147e-04 9.986677e-01 -4.906443e-01
2.039153e+00 2.133441e-04 9.986802e-01 -4.903754e-01
2.040272e+00 2.117838e-04 9.986927e-01 -4.901067e-01
2.041391e+00 2.102335e-04 9.987050e-01 -4.898384e-01
2.042510e+00 2.086933e-04 9.987173e-01 -4.895703e-01
2.043629e+00 2.071631e-04 9.987295e-01 -4.893026e-01
2.044748e+00 2.056428e-04 9.987417e-01 -4.890351e-01
2.045868e+00 2.041324e-04 9.987537e-01 -4.887679e-01
2.046987e+00 2.026318e-04 9.987657e-01 -4.885010e-01
2.048106e+00 2.011410e-04 9.987776e-01 -4.882344e-01
2.049225e+00 1.996599e-04 9.987894e-01 -4.879680e-01
2.050344e+00 1.981885e-04 9.988012e-01 -4.877020e-01
2.051463e+00 1.967267e-04 9.988129e-01 -4.874362e-01
2.052582e+00 1.952745e-04 9.988245e-01 -4.871708e-01
2.053702e+00 1.938318e-04 9.988360e-01 -4.869056e-01
2.054821e+00 1.923985e-04 9.988475e-01 -4.866407e-01
2.055940e+00 1.909746e-04 9.988589e-01 -4.863761e-01
2.057059e+00 1.895601e-04 9.988702e-01 -4.861118e-01
2.058178e+00 1.881548e-04 9.988814e-01 -4.858477e-01
2.059297e+00 1.867588e-04 9.988926e-01 -4.855840e-01
2.060416e+00 1.853720e-04 9.989037e-01 -4.853205e-01
2.061536e+00 1.839943e-04 9.989147e-01 -4.850573e-01
2.062655e+00 1.826257e-04 9.989257e-01 -4.847944e-01
2.063774e+00 1.812661e-04 9.989366e-01 -4.845318e-01
2.064893e+00 1.799156e-04 9.989474e-01 -4.842695e-01
2.066012e+00 1.785739e-04 9.989582e-01 -4.840074e-01
2.067131e+00 1.772411e-04 9.989688e-01 -4.837456e-01
2.068250e+00 1.759172e-04 9.989795e-01 -4.834841e-01
2.069370e+00 1.746020e-04 9.989900e-01 -4.832229e-01
2.070489e+00 1.732956e-04 9.990005e-01 -4.829620e-01
2.071608e+00 1.719978e-04 9.990109e-01 -4.827013e-01
2.072727e+00 1.707087e-04 9.990212e-01 -4.824409e-01
2.073846e+00 1.694282e-04 9.990315e-01 -4.821808e-01
2.074965e+00 1.681561e-04 9.990417e-01 -4.819210e-01
2.076084e+00 1.668926e-04 9.990519e-01 -4.816614e-01
2.077204e+00 1.656375e-04 9.990620e-01 -4.814022e-01
2.078323e+00 1.643908e-04 9.990720e-01 -4.811432e-01
2.079442e+00 1.631524e-04 9.990820e-01 -4.808845e-01
2.080561e+00 1.619223e-04 9.990918e-01 -4.806260e-01
2.081680e+00 1.607005e-04 9.991017e-01 -4.803679e-01
2.082799e+00 1.594868e-04 9.991114e-01 -4.801100e-01
2.083918e+00 1.582813e-04 9.991211e-01 -4.798523e-01
2.085038e+00 1.570839e-04 9.991308e-01 -4.795950e-01
2.086157e+00 1.558946e-04 9.991403e-01 -4.793379e-01
2.087276e+00 1.547133e-04 9.991498e-01 -4.790811e-01
2.088395e+00 1.535399e-04 9.991593e-01 -4.788246e-01
2.089514e+00 1.523744e-04 9.991687e-01 -4.785684e-01
2.090633e+00 1.512168e-04 9.991780e-01 -4.783124e-01
2.091752e+00 1.500670e-04 9.991873e-01 -4.780567e-01
2.092872e+00 1.489250e-04 9.991965e-01 -4.778012e-01
2.093991e+00 1.477907e-04 9.992056e-01 -4.775461e-01
2.095110e+00 1.466642e-04 9.992147e-01 -4.772912e-01
2.096229e+00 1.455452e-04 9.992237e-01 -4.770366e-01
2.097348e+00 1.444339e-04 9.992327e-01 -4.767822e-01
2.098467e+00 1.433301e-04 9.992416e-01 -4.765281e-01
2.099587e+00 1.422338e-04 9.992504e-01 -4.762743e-01
2.100706e+00 1.411450e-04 9.992592e-01 -4.760208e-01
2.101825e+00 1.400636e-04 9.992680e-01 -4.757675e-01
2.102944e+00 1.389895e-04 9.992766e-01 -4.755145e-01
2.104063e+00 1.379228e-04 9.992853e-01 -4.752617e-01
2.105182e+00 1.368634e-04 9.992938e-01 -4.750092e-01
2.106301e+00 1.358113e-04 9.993023e-01 -4.747570e-01
2.107421e+00 1.347663e-04 9.993108e-01 -4.745051e-01
2.108540e+00 1.337285e-04 9.993191e-01 -4.742534e-01
2.109659e+00 1.326979e-04 9.993275e-01 -4.740020e-01
2.110778e+00 1.316743e-04 9.993358e-01 -4.737508e-01
2.111897e+00 1.306577e-04 9.993440e-01 -4.734999e-01
2.113016e+00 1.296482e-04 9.993522e-01 -4.732493e-01
2.114135e+00 1.286455e-04 9.993603e-01 -4.729989e-01
2.115255e+00 1.276498e-04 9.993683e-01 -4.727488e-01
2.116374e+00 1.266610e-04 9.993763e-01 -4.724990e-01
2.117493e+00 1.256790e-04 9.993843e-01 -4.722494e-01
2.118612e+00 1.247038e-04 9.993922e-01 -4.720001e-01
2.119731e+00 1.237353e-04 9.994000e-01 -4.717510e-01
2.120850e+00 1.227735e-04 9.994078e-01 -4.715022e-01
2.121969e+00 1.218184e-04 9.994156e-01 -4.712537e-01
2.123089e+00 1.208700e-04 9.994232e-01 -4.710054e-01
2.124208e+00 1.199281e-04 9.994309e-01 -4.707574e-01
2.125327e+00 1.189927e-04 9.994385e-01 -4.705097e-01
2.126446e+00 1.180639e-04 9.994460e-01 -4.702622e-01
2.127565e+00 1.171416e-04 9.994535e-01 -4.700150e-01
2.128684e+00 1.162256e-04 9.994609e-01 -4.697680e-01
2.129803e+00 1.153161e-04 9.994683e-01 -4.695213e-01
2.130923e+00 1.144129e-04 9.994756e-01 -4.692748e-01
2.132042e+00 1.135160e-04 9.994829e-01 -4.690286e-01
2.133161e+00 1.126254e-04 9.994901e-01 -4.687826e-01
2.134280e+00 1.117411e-04 9.994973e-01 -4.685370e-01
2.135399e+00 1.108629e-04 9.995045e-01 -4.682915e-01
2.136518e+00 1.099909e-04 9.995115e-01 -4.680463e-01
2.137637e+00 1.091250e-04 9.995186e-01 -4.678014e-01
2.138757e+00 1.082652e-04 9.995256e-01 -4.675567e-01
2.139876e+00 1.074115e-04 9.995325e-01 -4.673123e-01
2.140995e+00 1.065638e-04 9.995394e-01 -4.670682e-01
2.142114e+00 1.057220e-04 9.995463e-01 -4.668242e-01
2.143233e+00 1.048862e-04 9.995530e-01 -4.665806e-01
2.144352e+00 1.040563e-04 9.995598e-01 -4.663372e-01
2.145471e+00 1.032323e-04 9.995665e-01 -4.660940e-01
2.146591e+00 1.024141e-04 9.995732e-01 -4.658511e-01
2.147710e+00 1.016017e-04 9.995798e-01 -4.656085e-01
2.148829e+00 1.007951e-04 9.995863e-01 -4.653661e-01
2.149948e+00 9.999414e-05 9.995929e-01 -4.651239e-01
2.151067e+00 9.919891e-05 9.995993e-01 -4.648820e-01
2.152186e+00 9.840933e-05 9.996058e-01 -4.646404e-01
2.153305e+00 9.762538e-05 9.996122e-01 -4.643990e-01
2.154425e+00 9.684701e-05 9.996185e-01 -4.641579e-01
2.155544e+00 9.607419e-05 9.996248e-01 -4.639170e-01
2.156663e+00 9.530689e-05 9.996311e-01 -4.636763e-01
2.157782e+00 9.454507e-05 9.996373e-01 -4.634359e-01
2.158901e+00 9.378870e-05 9.996435e-01 -4.631958e-01
2.160020e+00 9.303774e-05 9.996496e-01 -4.629558e-01
2.161139e+00 9.229216e-05 9.996557e-01 -4.627162e-01
2.162259e+00 9.155193e-05 9.996617e-01 -4.624768e-01
2.163378e+00 9.081701e-05 9.996677e-01 -4.622376e-01
2.164497e+00 9.008738e-05 9.996737e-01 -4.619987e-01
2.165616e+00 8.936299e-05 9.996796e-01 -4.617600e-01
2.166735e+00 8.864381e-05 9.996854e-01 -4.615216e-01
2.167854e+00 8.792982e-05 9.996913e-01 -4.612834e-01
2.168973e+00 8.722098e-05 9.996971e-01 -4.610455e-01
2.170093e+00 8.651725e-05 9.997028e-01 -4.608078e-01
2.171212e+00 8.581861e-05 9.997085e-01 -4.605703e-01
2.172331e+00 8.512503e-05 9.997142e-01 -4.603331e-01
2.173450e+00 8.443646e-05 9.997198e-01 -4.600961e-01
2.174569e+00 8.375289e-05 9.997254e-01 -4.598594e-01
2.175688e+00 8.307427e-05 9.997310e-01 -4.596229e-01
2.176807e+00 8.240058e-05 9.997365e-01 -4.593867e-01
2.177927e+00 8.173179e-05 9.997420e-01 -4.591507e-01
2.179046e+00 8.106786e-05 9.997474e-01 -4.589149e-01
2.180165e+00 8.040877e-05 9.997528e-01 -4.586794e-01
2.181284e+00 7.975447e-05 9.997581e-01 -4.584441e-01
2.182403e+00 7.910496e-05 9.997635e-01 -4.582091e-01
2.183522e+00 7.846018e-05 9.997687e-01 -4.579743e-01
2.184641e+00 7.782012e-05 9.997740e-01 -4.577397e-01
2.185761e+00 7.718474e-05 9.997792e-01 -4.575054e-01
2.186880e+00 7.655401e-05 9.997843e-01 -4.572713e-01
2.187999e+00 7.592791e-05 9.997895e-01 -4.570375e-01
2.189118e+00 7.530639e-05 9.997946e-01 -4.568039e-01
2.190237e+00 7.468945e-05 9.997996e-01 -4.565705e-01
2.191356e+00 7.407703e-05 9.998046e-01 -4.563374e-01
2.192475e+00 7.346913e-05 9.998096e-01 -4.561045e-01
2.193595e+00 7.286570e-05 9.998146e-01 -4.558719e-01
2.194714e+00 7.226671e-05 9.998195e-01 -4.556394e-01
2.195833e+00 7.167215e-05 9.998244e-01 -4.554073e-01
2.196952e+00 7.108198e-05 9.998292e-01 -4.551753e-01
2.198071e+00 7.049617e-05 9.998340e-01 -4.549436e-01
2.199190e+00 6.991470e-05 9.998388e-01 -4.547121e-01
2.200310e+00 6.933753e-05 9.998435e-01 -4.544809e-01
2.201429e+00 6.876464e-05 9.998482e-01 -4.542499e-01
2.202548e+00 6.819600e-05 9.998529e-01 -4.540191e-01
2.203667e+00 6.763159e-05 9.998575e-01 -4.537885e-01
2.204786e+00 6.707137e-05 9.998621e-01 -4.535582e-01
2.205905e+00 6.651532e-05 9.998667e-01 -4.533282e-01
2.207024e+00 6.596341e-05 9.998712e-01 -4.530983e-01
2.208144e+00 6.541562e-05 9.998758e-01 -4.528687e-01
2.209263e+00 6.487191e-05 9.998802e-01 -4.526393e-01
2.210382e+00 6.433227e-05 9.998847e-01 -4.524102e-01
2.211501e+00 6.379666e-05 9.998891e-01 -4.521812e-01
2.212620e+00 6.326506e-05 9.998934e-01 -4.519526e-01
2.213739e+00 6.273744e-05 9.998978e-01 -4.517241e-01
2.214858e+00 6.221378e-05 9.999021e-01 -4.514959e-01
2.215978e+00 6.169404e-05 9.999064e-01 -4.512679e-01
2.217097e+00 6.117821e-05 9.999106e-01 -4.510401e-01
2.218216e+00 6.066626e-05 9.999148e-01 -4.508126e-01
2.219335e+00 6.015817e-05 9.999190e-01 -4.505852e-01
2.220454e+00 5.965390e-05 9.999232e-01 -4.503582e-01
2.221573e+00 5.915343e-05 9.999273e-01 -4.501313e-01
2.222692e+00 5.865674e-05 9.999314e-01 -4.499047e-01
2.223812e+00 5.816381e-05 9.999354e-01 -4.496783e-01
2.224931e+00 5.767460e-05 9.999395e-01 -4.494521e-01
2.226050e+00 5.718909e-05 9.999435e-01 -4.492261e-01
2.227169e+00 5.670726e-05 9.999474e-01 -4.490004e-01
2.228288e+00 5.622909e-05 9.999514e-01 -4.487749e-01
2.229407e+00 5.575455e-05 9.999553e-01 -4.485497e-01
2.230526e+00 5.528361e-05 9.999592e-01 -4.483246e-01
2.231646e+00 5.481625e-05 9.999630e-01 -4.480998e-01
2.232765e+00 5.435245e-05 9.999668e-01 -4.478752e-01
2.233884e+00 5.389219e-05 9.999706e-01 -4.476508e-01
2.235003e+00 5.343543e-05 9.999744e-01 -4.474267e-01
2.236122e+00 5.298216e-05 9.999781e-01 -4.472028e-01
2.237241e+00 5.253236e-05 9.999819e-01 -4.469790e-01
2.238360e+00 5.208600e-05 9.999855e-01 -4.467556e-01
2.239480e+00 5.164305e-05 9.999892e-01 -4.465323e-01
2.240599e+00 5.120349e-05 9.999928e-01 -4.463093e-01
2.241718e+00 5.076731e-05 9.999964e-01 -4.460865e-01
2.242837e+00 5.033448e-05 1.000000e+00 -4.458639e-01
