! ./halo_21537_model_06_02.txt
! R    D    M    P
2000
5.667250e-03 7.443494e+02 3.206213e-16 -4.875200e+00
6.786394e-03 6.067296e+02 3.645972e-04 -4.870308e+00
7.905539e-03 5.074366e+02 7.840897e-04 -4.858604e+00
9.024683e-03 4.327274e+02 1.254917e-03 -4.842806e+00
1.014383e-02 3.746968e+02 1.773854e-03 -4.824435e+00
1.126297e-02 3.284779e+02 2.337974e-03 -4.804403e+00
1.238212e-02 2.909133e+02 2.944612e-03 -4.783290e+00
1.350126e-02 2.598671e+02 3.591337e-03 -4.761478e+00
1.462041e-02 2.338442e+02 4.275919e-03 -4.739228e+00
1.573955e-02 2.117682e+02 4.996310e-03 -4.716723e+00
1.685869e-02 1.928447e+02 5.750621e-03 -4.694095e+00
1.797784e-02 1.764758e+02 6.537105e-03 -4.671437e+00
1.909698e-02 1.622029e+02 7.354143e-03 -4.648820e+00
2.021613e-02 1.496688e+02 8.200230e-03 -4.626296e+00
2.133527e-02 1.385915e+02 9.073961e-03 -4.603903e+00
2.245442e-02 1.287455e+02 9.974027e-03 -4.581669e+00
2.357356e-02 1.199484e+02 1.089920e-02 -4.559616e+00
2.469271e-02 1.120514e+02 1.184834e-02 -4.537760e+00
2.581185e-02 1.049316e+02 1.282036e-02 -4.516112e+00
2.693099e-02 9.848722e+01 1.381424e-02 -4.494681e+00
2.805014e-02 9.263282e+01 1.482904e-02 -4.473471e+00
2.916928e-02 8.729646e+01 1.586384e-02 -4.452486e+00
3.028843e-02 8.241705e+01 1.691779e-02 -4.431730e+00
3.140757e-02 7.794249e+01 1.799010e-02 -4.411201e+00
3.252672e-02 7.382805e+01 1.907999e-02 -4.390901e+00
3.364586e-02 7.003514e+01 2.018673e-02 -4.370828e+00
3.476501e-02 6.653033e+01 2.130965e-02 -4.350980e+00
3.588415e-02 6.328449e+01 2.244809e-02 -4.331356e+00
3.700329e-02 6.027218e+01 2.360142e-02 -4.311953e+00
3.812244e-02 5.747106e+01 2.476906e-02 -4.292768e+00
3.924158e-02 5.486144e+01 2.595044e-02 -4.273799e+00
4.036073e-02 5.242593e+01 2.714502e-02 -4.255042e+00
4.147987e-02 5.014911e+01 2.835228e-02 -4.236495e+00
4.259902e-02 4.801723e+01 2.957174e-02 -4.218154e+00
4.371816e-02 4.601806e+01 3.080293e-02 -4.200015e+00
4.483731e-02 4.414063e+01 3.204540e-02 -4.182075e+00
4.595645e-02 4.237511e+01 3.329872e-02 -4.164332e+00
4.707559e-02 4.071265e+01 3.456247e-02 -4.146781e+00
4.819474e-02 3.914529e+01 3.583626e-02 -4.129419e+00
4.931388e-02 3.766581e+01 3.711972e-02 -4.112243e+00
5.043303e-02 3.626769e+01 3.841248e-02 -4.095250e+00
5.155217e-02 3.494501e+01 3.971418e-02 -4.078436e+00
5.267132e-02 3.369238e+01 4.102450e-02 -4.061798e+00
5.379046e-02 3.250489e+01 4.234312e-02 -4.045333e+00
5.490961e-02 3.137806e+01 4.366971e-02 -4.029039e+00
5.602875e-02 3.030779e+01 4.500399e-02 -4.012911e+00
5.714789e-02 2.929035e+01 4.634567e-02 -3.996947e+00
5.826704e-02 2.832227e+01 4.769447e-02 -3.981145e+00
5.938618e-02 2.740040e+01 4.905012e-02 -3.965500e+00
6.050533e-02 2.652182e+01 5.041237e-02 -3.950011e+00
6.162447e-02 2.568386e+01 5.178097e-02 -3.934675e+00
6.274362e-02 2.488404e+01 5.315568e-02 -3.919489e+00
6.386276e-02 2.412007e+01 5.453626e-02 -3.904450e+00
6.498191e-02 2.338983e+01 5.592251e-02 -3.889556e+00
6.610105e-02 2.269135e+01 5.731419e-02 -3.874805e+00
6.722019e-02 2.202283e+01 5.871111e-02 -3.860193e+00
6.833934e-02 2.138256e+01 6.011307e-02 -3.845720e+00
6.945848e-02 2.076898e+01 6.151986e-02 -3.831381e+00
7.057763e-02 2.018062e+01 6.293131e-02 -3.817176e+00
7.169677e-02 1.961612e+01 6.434722e-02 -3.803101e+00
7.281592e-02 1.907421e+01 6.576743e-02 -3.789155e+00
7.393506e-02 1.855370e+01 6.719176e-02 -3.775336e+00
7.505421e-02 1.805347e+01 6.862006e-02 -3.761641e+00
7.617335e-02 1.757249e+01 7.005215e-02 -3.748068e+00
7.729249e-02 1.710980e+01 7.148789e-02 -3.734616e+00
7.841164e-02 1.666446e+01 7.292713e-02 -3.721283e+00
7.953078e-02 1.623564e+01 7.436972e-02 -3.708066e+00
8.064993e-02 1.582252e+01 7.581551e-02 -3.694964e+00
8.176907e-02 1.542436e+01 7.726439e-02 -3.681975e+00
8.288822e-02 1.504044e+01 7.871621e-02 -3.669097e+00
8.400736e-02 1.467010e+01 8.017084e-02 -3.656329e+00
8.512651e-02 1.431270e+01 8.162816e-02 -3.643668e+00
8.624565e-02 1.396766e+01 8.308805e-02 -3.631114e+00
8.736479e-02 1.363441e+01 8.455040e-02 -3.618665e+00
8.848394e-02 1.331243e+01 8.601508e-02 -3.606318e+00
8.960308e-02 1.300122e+01 8.748199e-02 -3.594073e+00
9.072223e-02 1.270030e+01 8.895103e-02 -3.581928e+00
9.184137e-02 1.240924e+01 9.042208e-02 -3.569882e+00
9.296052e-02 1.212760e+01 9.189505e-02 -3.557932e+00
9.407966e-02 1.185500e+01 9.336983e-02 -3.546079e+00
9.519881e-02 1.159105e+01 9.484634e-02 -3.534319e+00
9.631795e-02 1.133539e+01 9.632447e-02 -3.522653e+00
9.743709e-02 1.108769e+01 9.780415e-02 -3.511078e+00
9.855624e-02 1.084762e+01 9.928528e-02 -3.499594e+00
9.967538e-02 1.061487e+01 1.007678e-01 -3.488198e+00
1.007945e-01 1.038915e+01 1.022515e-01 -3.476891e+00
1.019137e-01 1.017019e+01 1.037365e-01 -3.465670e+00
1.030328e-01 9.957722e+00 1.052226e-01 -3.454534e+00
1.041520e-01 9.751492e+00 1.067098e-01 -3.443483e+00
1.052711e-01 9.551264e+00 1.081979e-01 -3.432515e+00
1.063902e-01 9.356810e+00 1.096869e-01 -3.421629e+00
1.075094e-01 9.167913e+00 1.111768e-01 -3.410824e+00
1.086285e-01 8.984366e+00 1.126674e-01 -3.400099e+00
1.097477e-01 8.805972e+00 1.141587e-01 -3.389452e+00
1.108668e-01 8.632543e+00 1.156506e-01 -3.378883e+00
1.119860e-01 8.463899e+00 1.171431e-01 -3.368391e+00
1.131051e-01 8.299868e+00 1.186362e-01 -3.357975e+00
1.142243e-01 8.140285e+00 1.201296e-01 -3.347633e+00
1.153434e-01 7.984995e+00 1.216234e-01 -3.337365e+00
1.164625e-01 7.833847e+00 1.231176e-01 -3.327170e+00
1.175817e-01 7.686698e+00 1.246121e-01 -3.317047e+00
1.187008e-01 7.543409e+00 1.261067e-01 -3.306996e+00
1.198200e-01 7.403850e+00 1.276016e-01 -3.297014e+00
1.209391e-01 7.267894e+00 1.290965e-01 -3.287101e+00
1.220583e-01 7.135421e+00 1.305915e-01 -3.277257e+00
1.231774e-01 7.006314e+00 1.320865e-01 -3.267481e+00
1.242966e-01 6.880463e+00 1.335815e-01 -3.257771e+00
1.254157e-01 6.757761e+00 1.350764e-01 -3.248127e+00
1.265348e-01 6.638106e+00 1.365712e-01 -3.238549e+00
1.276540e-01 6.521400e+00 1.380659e-01 -3.229035e+00
1.287731e-01 6.407548e+00 1.395603e-01 -3.219584e+00
1.298923e-01 6.296461e+00 1.410545e-01 -3.210196e+00
1.310114e-01 6.188051e+00 1.425483e-01 -3.200871e+00
1.321306e-01 6.082234e+00 1.440419e-01 -3.191607e+00
1.332497e-01 5.978930e+00 1.455350e-01 -3.182403e+00
1.343689e-01 5.878062e+00 1.470278e-01 -3.173260e+00
1.354880e-01 5.779555e+00 1.485201e-01 -3.164176e+00
1.366071e-01 5.683339e+00 1.500119e-01 -3.155150e+00
1.377263e-01 5.589343e+00 1.515032e-01 -3.146182e+00
1.388454e-01 5.497502e+00 1.529940e-01 -3.137272e+00
1.399646e-01 5.407752e+00 1.544842e-01 -3.128419e+00
1.410837e-01 5.320030e+00 1.559737e-01 -3.119621e+00
1.422029e-01 5.234279e+00 1.574626e-01 -3.110879e+00
1.433220e-01 5.150440e+00 1.589509e-01 -3.102191e+00
1.444412e-01 5.068459e+00 1.604384e-01 -3.093558e+00
1.455603e-01 4.988282e+00 1.619251e-01 -3.084979e+00
1.466794e-01 4.909859e+00 1.634111e-01 -3.076452e+00
1.477986e-01 4.833138e+00 1.648963e-01 -3.067978e+00
1.489177e-01 4.758073e+00 1.663807e-01 -3.059555e+00
1.500369e-01 4.684618e+00 1.678642e-01 -3.051184e+00
1.511560e-01 4.612728e+00 1.693469e-01 -3.042864e+00
1.522752e-01 4.542360e+00 1.708286e-01 -3.034594e+00
1.533943e-01 4.473472e+00 1.723094e-01 -3.026374e+00
1.545135e-01 4.406024e+00 1.737893e-01 -3.018203e+00
1.556326e-01 4.339978e+00 1.752681e-01 -3.010080e+00
1.567517e-01 4.275295e+00 1.767460e-01 -3.002006e+00
1.578709e-01 4.211940e+00 1.782228e-01 -2.993979e+00
1.589900e-01 4.149877e+00 1.796986e-01 -2.986000e+00
1.601092e-01 4.089072e+00 1.811734e-01 -2.978067e+00
1.612283e-01 4.029493e+00 1.826470e-01 -2.970181e+00
1.623475e-01 3.971108e+00 1.841195e-01 -2.962340e+00
1.634666e-01 3.913885e+00 1.855909e-01 -2.954544e+00
1.645858e-01 3.857795e+00 1.870612e-01 -2.946794e+00
1.657049e-01 3.802810e+00 1.885303e-01 -2.939087e+00
1.668240e-01 3.748900e+00 1.899982e-01 -2.931425e+00
1.679432e-01 3.696040e+00 1.914648e-01 -2.923806e+00
1.690623e-01 3.644202e+00 1.929303e-01 -2.916231e+00
1.701815e-01 3.593362e+00 1.943945e-01 -2.908697e+00
1.713006e-01 3.543494e+00 1.958575e-01 -2.901207e+00
1.724198e-01 3.494574e+00 1.973192e-01 -2.893758e+00
1.735389e-01 3.446580e+00 1.987796e-01 -2.886350e+00
1.746581e-01 3.399489e+00 2.002387e-01 -2.878983e+00
1.757772e-01 3.353279e+00 2.016964e-01 -2.871658e+00
1.768963e-01 3.307929e+00 2.031529e-01 -2.864372e+00
1.780155e-01 3.263418e+00 2.046080e-01 -2.857126e+00
1.791346e-01 3.219727e+00 2.060617e-01 -2.849920e+00
1.802538e-01 3.176835e+00 2.075140e-01 -2.842753e+00
1.813729e-01 3.134725e+00 2.089649e-01 -2.835624e+00
1.824921e-01 3.093377e+00 2.104145e-01 -2.828534e+00
1.836112e-01 3.052775e+00 2.118626e-01 -2.821482e+00
1.847304e-01 3.012900e+00 2.133093e-01 -2.814468e+00
1.858495e-01 2.973737e+00 2.147545e-01 -2.807491e+00
1.869686e-01 2.935268e+00 2.161983e-01 -2.800551e+00
1.880878e-01 2.897478e+00 2.176406e-01 -2.793648e+00
1.892069e-01 2.860352e+00 2.190814e-01 -2.786781e+00
1.903261e-01 2.823875e+00 2.205208e-01 -2.779950e+00
1.914452e-01 2.788031e+00 2.219586e-01 -2.773155e+00
1.925644e-01 2.752808e+00 2.233950e-01 -2.766395e+00
1.936835e-01 2.718191e+00 2.248298e-01 -2.759670e+00
1.948027e-01 2.684167e+00 2.262630e-01 -2.752980e+00
1.959218e-01 2.650722e+00 2.276948e-01 -2.746324e+00
1.970409e-01 2.617845e+00 2.291249e-01 -2.739702e+00
1.981601e-01 2.585523e+00 2.305535e-01 -2.733115e+00
1.992792e-01 2.553743e+00 2.319806e-01 -2.726560e+00
2.003984e-01 2.522495e+00 2.334061e-01 -2.720039e+00
2.015175e-01 2.491766e+00 2.348299e-01 -2.713551e+00
2.026367e-01 2.461546e+00 2.362522e-01 -2.707096e+00
2.037558e-01 2.431824e+00 2.376729e-01 -2.700673e+00
2.048750e-01 2.402590e+00 2.390919e-01 -2.694282e+00
2.059941e-01 2.373832e+00 2.405094e-01 -2.687923e+00
2.071132e-01 2.345542e+00 2.419252e-01 -2.681595e+00
2.082324e-01 2.317709e+00 2.433394e-01 -2.675299e+00
2.093515e-01 2.290325e+00 2.447519e-01 -2.669034e+00
2.104707e-01 2.263379e+00 2.461628e-01 -2.662800e+00
2.115898e-01 2.236862e+00 2.475720e-01 -2.656596e+00
2.127090e-01 2.210767e+00 2.489796e-01 -2.650422e+00
2.138281e-01 2.185085e+00 2.503855e-01 -2.644278e+00
2.149473e-01 2.159806e+00 2.517897e-01 -2.638165e+00
2.160664e-01 2.134924e+00 2.531922e-01 -2.632080e+00
2.171855e-01 2.110429e+00 2.545931e-01 -2.626025e+00
2.183047e-01 2.086315e+00 2.559922e-01 -2.619999e+00
2.194238e-01 2.062574e+00 2.573897e-01 -2.614002e+00
2.205430e-01 2.039198e+00 2.587854e-01 -2.608033e+00
2.216621e-01 2.016180e+00 2.601795e-01 -2.602093e+00
2.227813e-01 1.993514e+00 2.615718e-01 -2.596181e+00
2.239004e-01 1.971192e+00 2.629624e-01 -2.590296e+00
2.250196e-01 1.949207e+00 2.643513e-01 -2.584440e+00
2.261387e-01 1.927554e+00 2.657384e-01 -2.578610e+00
2.272578e-01 1.906226e+00 2.671238e-01 -2.572808e+00
2.283770e-01 1.885216e+00 2.685075e-01 -2.567034e+00
2.294961e-01 1.864518e+00 2.698895e-01 -2.561285e+00
2.306153e-01 1.844128e+00 2.712696e-01 -2.555564e+00
2.317344e-01 1.824038e+00 2.726481e-01 -2.549868e+00
2.328536e-01 1.804243e+00 2.740248e-01 -2.544199e+00
2.339727e-01 1.784737e+00 2.753997e-01 -2.538556e+00
2.350919e-01 1.765516e+00 2.767729e-01 -2.532939e+00
2.362110e-01 1.746574e+00 2.781442e-01 -2.527347e+00
2.373301e-01 1.727905e+00 2.795139e-01 -2.521781e+00
2.384493e-01 1.709505e+00 2.808817e-01 -2.516240e+00
2.395684e-01 1.691369e+00 2.822478e-01 -2.510724e+00
2.406876e-01 1.673492e+00 2.836121e-01 -2.505232e+00
2.418067e-01 1.655869e+00 2.849746e-01 -2.499765e+00
2.429259e-01 1.638495e+00 2.863354e-01 -2.494323e+00
2.440450e-01 1.621367e+00 2.876943e-01 -2.488905e+00
2.451642e-01 1.604479e+00 2.890515e-01 -2.483511e+00
2.462833e-01 1.587828e+00 2.904068e-01 -2.478141e+00
2.474024e-01 1.571409e+00 2.917604e-01 -2.472794e+00
2.485216e-01 1.555218e+00 2.931122e-01 -2.467471e+00
2.496407e-01 1.539251e+00 2.944622e-01 -2.462172e+00
2.507599e-01 1.523504e+00 2.958103e-01 -2.456895e+00
2.518790e-01 1.507973e+00 2.971567e-01 -2.451642e+00
2.529982e-01 1.492655e+00 2.985013e-01 -2.446411e+00
2.541173e-01 1.477545e+00 2.998440e-01 -2.441204e+00
2.552365e-01 1.462640e+00 3.011850e-01 -2.436018e+00
2.563556e-01 1.447937e+00 3.025241e-01 -2.430855e+00
2.574747e-01 1.433432e+00 3.038614e-01 -2.425715e+00
2.585939e-01 1.419122e+00 3.051970e-01 -2.420596e+00
2.597130e-01 1.405003e+00 3.065307e-01 -2.415499e+00
2.608322e-01 1.391072e+00 3.078625e-01 -2.410424e+00
2.619513e-01 1.377327e+00 3.091926e-01 -2.405370e+00
2.630705e-01 1.363763e+00 3.105208e-01 -2.400338e+00
2.641896e-01 1.350377e+00 3.118472e-01 -2.395327e+00
2.653088e-01 1.337168e+00 3.131718e-01 -2.390337e+00
2.664279e-01 1.324131e+00 3.144946e-01 -2.385369e+00
2.675470e-01 1.311264e+00 3.158156e-01 -2.380421e+00
2.686662e-01 1.298564e+00 3.171347e-01 -2.375493e+00
2.697853e-01 1.286029e+00 3.184520e-01 -2.370586e+00
2.709045e-01 1.273655e+00 3.197675e-01 -2.365700e+00
2.720236e-01 1.261441e+00 3.210811e-01 -2.360834e+00
2.731428e-01 1.249382e+00 3.223929e-01 -2.355988e+00
2.742619e-01 1.237478e+00 3.237029e-01 -2.351162e+00
2.753811e-01 1.225725e+00 3.250111e-01 -2.346355e+00
2.765002e-01 1.214121e+00 3.263174e-01 -2.341569e+00
2.776193e-01 1.202663e+00 3.276219e-01 -2.336802e+00
2.787385e-01 1.191350e+00 3.289246e-01 -2.332054e+00
2.798576e-01 1.180178e+00 3.302254e-01 -2.327326e+00
2.809768e-01 1.169146e+00 3.315244e-01 -2.322617e+00
2.820959e-01 1.158252e+00 3.328216e-01 -2.317926e+00
2.832151e-01 1.147492e+00 3.341170e-01 -2.313255e+00
2.843342e-01 1.136866e+00 3.354105e-01 -2.308603e+00
2.854534e-01 1.126371e+00 3.367022e-01 -2.303969e+00
2.865725e-01 1.116005e+00 3.379920e-01 -2.299354e+00
2.876916e-01 1.105765e+00 3.392800e-01 -2.294757e+00
2.888108e-01 1.095651e+00 3.405662e-01 -2.290178e+00
2.899299e-01 1.085660e+00 3.418506e-01 -2.285618e+00
2.910491e-01 1.075789e+00 3.431331e-01 -2.281076e+00
2.921682e-01 1.066038e+00 3.444138e-01 -2.276551e+00
2.932874e-01 1.056405e+00 3.456926e-01 -2.272045e+00
2.944065e-01 1.046887e+00 3.469697e-01 -2.267556e+00
2.955257e-01 1.037483e+00 3.482449e-01 -2.263085e+00
2.966448e-01 1.028191e+00 3.495183e-01 -2.258631e+00
2.977639e-01 1.019010e+00 3.507898e-01 -2.254194e+00
2.988831e-01 1.009938e+00 3.520595e-01 -2.249775e+00
3.000022e-01 1.000972e+00 3.533274e-01 -2.245373e+00
3.011214e-01 9.921126e-01 3.545935e-01 -2.240988e+00
3.022405e-01 9.833568e-01 3.558577e-01 -2.236620e+00
3.033597e-01 9.747034e-01 3.571201e-01 -2.232268e+00
3.044788e-01 9.661510e-01 3.583807e-01 -2.227934e+00
3.055980e-01 9.576980e-01 3.596394e-01 -2.223616e+00
3.067171e-01 9.493430e-01 3.608964e-01 -2.219314e+00
3.078362e-01 9.410845e-01 3.621515e-01 -2.215029e+00
3.089554e-01 9.329211e-01 3.634047e-01 -2.210760e+00
3.100745e-01 9.248514e-01 3.646562e-01 -2.206508e+00
3.111937e-01 9.168741e-01 3.659058e-01 -2.202271e+00
3.123128e-01 9.089879e-01 3.671536e-01 -2.198050e+00
3.134320e-01 9.011913e-01 3.683996e-01 -2.193846e+00
3.145511e-01 8.934832e-01 3.696438e-01 -2.189657e+00
3.156703e-01 8.858622e-01 3.708862e-01 -2.185483e+00
3.167894e-01 8.783271e-01 3.721267e-01 -2.181326e+00
3.179085e-01 8.708766e-01 3.733655e-01 -2.177184e+00
3.190277e-01 8.635097e-01 3.746024e-01 -2.173057e+00
3.201468e-01 8.562250e-01 3.758375e-01 -2.168945e+00
3.212660e-01 8.490215e-01 3.770707e-01 -2.164849e+00
3.223851e-01 8.418979e-01 3.783022e-01 -2.160768e+00
3.235043e-01 8.348532e-01 3.795319e-01 -2.156702e+00
3.246234e-01 8.278863e-01 3.807597e-01 -2.152651e+00
3.257426e-01 8.209960e-01 3.819858e-01 -2.148615e+00
3.268617e-01 8.141814e-01 3.832100e-01 -2.144593e+00
3.279808e-01 8.074412e-01 3.844324e-01 -2.140586e+00
3.291000e-01 8.007746e-01 3.856531e-01 -2.136594e+00
3.302191e-01 7.941805e-01 3.868719e-01 -2.132616e+00
3.313383e-01 7.876579e-01 3.880889e-01 -2.128653e+00
3.324574e-01 7.812059e-01 3.893041e-01 -2.124704e+00
3.335766e-01 7.748234e-01 3.905176e-01 -2.120769e+00
3.346957e-01 7.685095e-01 3.917292e-01 -2.116848e+00
3.358149e-01 7.622633e-01 3.929390e-01 -2.112942e+00
3.369340e-01 7.560839e-01 3.941470e-01 -2.109049e+00
3.380531e-01 7.499703e-01 3.953533e-01 -2.105171e+00
3.391723e-01 7.439217e-01 3.965577e-01 -2.101306e+00
3.402914e-01 7.379372e-01 3.977604e-01 -2.097455e+00
3.414106e-01 7.320160e-01 3.989613e-01 -2.093617e+00
3.425297e-01 7.261572e-01 4.001603e-01 -2.089794e+00
3.436489e-01 7.203599e-01 4.013576e-01 -2.085983e+00
3.447680e-01 7.146234e-01 4.025531e-01 -2.082187e+00
3.458872e-01 7.089469e-01 4.037468e-01 -2.078403e+00
3.470063e-01 7.033295e-01 4.049388e-01 -2.074633e+00
3.481254e-01 6.977704e-01 4.061289e-01 -2.070876e+00
3.492446e-01 6.922690e-01 4.073173e-01 -2.067132e+00
3.503637e-01 6.868245e-01 4.085039e-01 -2.063401e+00
3.514829e-01 6.814361e-01 4.096888e-01 -2.059683e+00
3.526020e-01 6.761030e-01 4.108718e-01 -2.055978e+00
3.537212e-01 6.708247e-01 4.120531e-01 -2.052286e+00
3.548403e-01 6.656003e-01 4.132326e-01 -2.048607e+00
3.559595e-01 6.604291e-01 4.144103e-01 -2.044940e+00
3.570786e-01 6.553106e-01 4.155863e-01 -2.041286e+00
3.581977e-01 6.502439e-01 4.167605e-01 -2.037645e+00
3.593169e-01 6.452285e-01 4.179330e-01 -2.034016e+00
3.604360e-01 6.402637e-01 4.191036e-01 -2.030399e+00
3.615552e-01 6.353488e-01 4.202726e-01 -2.026795e+00
3.626743e-01 6.304833e-01 4.214397e-01 -2.023203e+00
3.637935e-01 6.256664e-01 4.226051e-01 -2.019624e+00
3.649126e-01 6.208976e-01 4.237688e-01 -2.016056e+00
3.660318e-01 6.161762e-01 4.249307e-01 -2.012500e+00
3.671509e-01 6.115018e-01 4.260908e-01 -2.008957e+00
3.682700e-01 6.068736e-01 4.272492e-01 -2.005425e+00
3.693892e-01 6.022911e-01 4.284058e-01 -2.001906e+00
3.705083e-01 5.977538e-01 4.295607e-01 -1.998398e+00
3.716275e-01 5.932610e-01 4.307139e-01 -1.994902e+00
3.727466e-01 5.888123e-01 4.318653e-01 -1.991417e+00
3.738658e-01 5.844070e-01 4.330150e-01 -1.987944e+00
3.749849e-01 5.800447e-01 4.341629e-01 -1.984483e+00
3.761041e-01 5.757248e-01 4.353091e-01 -1.981033e+00
3.772232e-01 5.714468e-01 4.364535e-01 -1.977595e+00
3.783423e-01 5.672102e-01 4.375962e-01 -1.974168e+00
3.794615e-01 5.630145e-01 4.387372e-01 -1.970752e+00
3.805806e-01 5.588592e-01 4.398765e-01 -1.967348e+00
3.816998e-01 5.547437e-01 4.410140e-01 -1.963955e+00
3.828189e-01 5.506677e-01 4.421498e-01 -1.960573e+00
3.839381e-01 5.466306e-01 4.432839e-01 -1.957202e+00
3.850572e-01 5.426320e-01 4.444162e-01 -1.953842e+00
3.861764e-01 5.386713e-01 4.455469e-01 -1.950493e+00
3.872955e-01 5.347483e-01 4.466758e-01 -1.947155e+00
3.884146e-01 5.308623e-01 4.478030e-01 -1.943827e+00
3.895338e-01 5.270130e-01 4.489285e-01 -1.940511e+00
3.906529e-01 5.231999e-01 4.500522e-01 -1.937205e+00
3.917721e-01 5.194226e-01 4.511743e-01 -1.933910e+00
3.928912e-01 5.156807e-01 4.522946e-01 -1.930626e+00
3.940104e-01 5.119738e-01 4.534133e-01 -1.927352e+00
3.951295e-01 5.083014e-01 4.545302e-01 -1.924088e+00
3.962487e-01 5.046631e-01 4.556455e-01 -1.920835e+00
3.973678e-01 5.010586e-01 4.567590e-01 -1.917593e+00
3.984869e-01 4.974874e-01 4.578708e-01 -1.914361e+00
3.996061e-01 4.939492e-01 4.589809e-01 -1.911139e+00
4.007252e-01 4.904436e-01 4.600894e-01 -1.907927e+00
4.018444e-01 4.869702e-01 4.611961e-01 -1.904726e+00
4.029635e-01 4.835286e-01 4.623012e-01 -1.901534e+00
4.040827e-01 4.801184e-01 4.634045e-01 -1.898353e+00
4.052018e-01 4.767394e-01 4.645062e-01 -1.895182e+00
4.063210e-01 4.733911e-01 4.656062e-01 -1.892021e+00
4.074401e-01 4.700732e-01 4.667045e-01 -1.888870e+00
4.085592e-01 4.667853e-01 4.678011e-01 -1.885728e+00
4.096784e-01 4.635271e-01 4.688961e-01 -1.882597e+00
4.107975e-01 4.602983e-01 4.699893e-01 -1.879475e+00
4.119167e-01 4.570985e-01 4.710809e-01 -1.876363e+00
4.130358e-01 4.539275e-01 4.721708e-01 -1.873261e+00
4.141550e-01 4.507848e-01 4.732591e-01 -1.870168e+00
4.152741e-01 4.476701e-01 4.743456e-01 -1.867085e+00
4.163933e-01 4.445833e-01 4.754305e-01 -1.864011e+00
4.175124e-01 4.415238e-01 4.765138e-01 -1.860947e+00
4.186315e-01 4.384915e-01 4.775953e-01 -1.857893e+00
4.197507e-01 4.354860e-01 4.786752e-01 -1.854847e+00
4.208698e-01 4.325070e-01 4.797535e-01 -1.851812e+00
4.219890e-01 4.295543e-01 4.808301e-01 -1.848785e+00
4.231081e-01 4.266275e-01 4.819050e-01 -1.845768e+00
4.242273e-01 4.237264e-01 4.829783e-01 -1.842760e+00
4.253464e-01 4.208506e-01 4.840499e-01 -1.839761e+00
4.264656e-01 4.180000e-01 4.851199e-01 -1.836771e+00
4.275847e-01 4.151741e-01 4.861882e-01 -1.833791e+00
4.287038e-01 4.123728e-01 4.872549e-01 -1.830819e+00
4.298230e-01 4.095958e-01 4.883200e-01 -1.827856e+00
4.309421e-01 4.068429e-01 4.893834e-01 -1.824903e+00
4.320613e-01 4.041136e-01 4.904451e-01 -1.821958e+00
4.331804e-01 4.014079e-01 4.915052e-01 -1.819022e+00
4.342996e-01 3.987254e-01 4.925637e-01 -1.816095e+00
4.354187e-01 3.960659e-01 4.936206e-01 -1.813177e+00
4.365379e-01 3.934292e-01 4.946758e-01 -1.810268e+00
4.376570e-01 3.908149e-01 4.957294e-01 -1.807367e+00
4.387761e-01 3.882229e-01 4.967813e-01 -1.804475e+00
4.398953e-01 3.856530e-01 4.978317e-01 -1.801591e+00
4.410144e-01 3.831048e-01 4.988804e-01 -1.798716e+00
4.421336e-01 3.805782e-01 4.999275e-01 -1.795850e+00
4.432527e-01 3.780729e-01 5.009729e-01 -1.792992e+00
4.443719e-01 3.755887e-01 5.020168e-01 -1.790143e+00
4.454910e-01 3.731254e-01 5.030590e-01 -1.787302e+00
4.466102e-01 3.706828e-01 5.040996e-01 -1.784469e+00
4.477293e-01 3.682606e-01 5.051386e-01 -1.781645e+00
4.488484e-01 3.658586e-01 5.061760e-01 -1.778829e+00
4.499676e-01 3.634767e-01 5.072118e-01 -1.776021e+00
4.510867e-01 3.611145e-01 5.082460e-01 -1.773222e+00
4.522059e-01 3.587720e-01 5.092786e-01 -1.770430e+00
4.533250e-01 3.564488e-01 5.103096e-01 -1.767647e+00
4.544442e-01 3.541448e-01 5.113390e-01 -1.764872e+00
4.555633e-01 3.518599e-01 5.123667e-01 -1.762105e+00
4.566825e-01 3.495937e-01 5.133929e-01 -1.759346e+00
4.578016e-01 3.473462e-01 5.144175e-01 -1.756595e+00
4.589207e-01 3.451170e-01 5.154405e-01 -1.753852e+00
4.600399e-01 3.429061e-01 5.164619e-01 -1.751117e+00
4.611590e-01 3.407132e-01 5.174817e-01 -1.748390e+00
4.622782e-01 3.385382e-01 5.185000e-01 -1.745671e+00
4.633973e-01 3.363808e-01 5.195166e-01 -1.742959e+00
4.645165e-01 3.342410e-01 5.205317e-01 -1.740256e+00
4.656356e-01 3.321184e-01 5.215452e-01 -1.737560e+00
4.667548e-01 3.300130e-01 5.225571e-01 -1.734872e+00
4.678739e-01 3.279246e-01 5.235674e-01 -1.732191e+00
4.689930e-01 3.258529e-01 5.245762e-01 -1.729518e+00
4.701122e-01 3.237979e-01 5.255834e-01 -1.726853e+00
4.712313e-01 3.217593e-01 5.265890e-01 -1.724195e+00
4.723505e-01 3.197371e-01 5.275931e-01 -1.721545e+00
4.734696e-01 3.177309e-01 5.285956e-01 -1.718902e+00
4.745888e-01 3.157407e-01 5.295965e-01 -1.716267e+00
4.757079e-01 3.137664e-01 5.305958e-01 -1.713639e+00
4.768271e-01 3.118077e-01 5.315936e-01 -1.711019e+00
4.779462e-01 3.098644e-01 5.325899e-01 -1.708406e+00
4.790653e-01 3.079366e-01 5.335846e-01 -1.705801e+00
4.801845e-01 3.060239e-01 5.345777e-01 -1.703202e+00
4.813036e-01 3.041263e-01 5.355693e-01 -1.700611e+00
4.824228e-01 3.022435e-01 5.365593e-01 -1.698027e+00
4.835419e-01 3.003755e-01 5.375478e-01 -1.695451e+00
4.846611e-01 2.985221e-01 5.385347e-01 -1.692881e+00
4.857802e-01 2.966832e-01 5.395201e-01 -1.690319e+00
4.868994e-01 2.948586e-01 5.405040e-01 -1.687764e+00
4.880185e-01 2.930481e-01 5.414863e-01 -1.685216e+00
4.891376e-01 2.912517e-01 5.424671e-01 -1.682675e+00
4.902568e-01 2.894692e-01 5.434463e-01 -1.680141e+00
4.913759e-01 2.877005e-01 5.444240e-01 -1.677614e+00
4.924951e-01 2.859454e-01 5.454002e-01 -1.675094e+00
4.936142e-01 2.842039e-01 5.463748e-01 -1.672581e+00
4.947334e-01 2.824757e-01 5.473479e-01 -1.670075e+00
4.958525e-01 2.807607e-01 5.483195e-01 -1.667576e+00
4.969717e-01 2.790589e-01 5.492895e-01 -1.665083e+00
4.980908e-01 2.773700e-01 5.502581e-01 -1.662598e+00
4.992099e-01 2.756941e-01 5.512251e-01 -1.660119e+00
5.003291e-01 2.740309e-01 5.521906e-01 -1.657647e+00
5.014482e-01 2.723803e-01 5.531545e-01 -1.655182e+00
5.025674e-01 2.707422e-01 5.541170e-01 -1.652723e+00
5.036865e-01 2.691165e-01 5.550780e-01 -1.650271e+00
5.048057e-01 2.675031e-01 5.560374e-01 -1.647826e+00
5.059248e-01 2.659018e-01 5.569953e-01 -1.645387e+00
5.070440e-01 2.643126e-01 5.579517e-01 -1.642955e+00
5.081631e-01 2.627353e-01 5.589066e-01 -1.640529e+00
5.092822e-01 2.611698e-01 5.598600e-01 -1.638111e+00
5.104014e-01 2.596160e-01 5.608120e-01 -1.635698e+00
5.115205e-01 2.580739e-01 5.617624e-01 -1.633292e+00
5.126397e-01 2.565432e-01 5.627113e-01 -1.630892e+00
5.137588e-01 2.550239e-01 5.636587e-01 -1.628499e+00
5.148780e-01 2.535159e-01 5.646046e-01 -1.626113e+00
5.159971e-01 2.520190e-01 5.655490e-01 -1.623732e+00
5.171163e-01 2.505332e-01 5.664919e-01 -1.621358e+00
5.182354e-01 2.490584e-01 5.674334e-01 -1.618991e+00
5.193545e-01 2.475944e-01 5.683733e-01 -1.616629e+00
5.204737e-01 2.461412e-01 5.693118e-01 -1.614274e+00
5.215928e-01 2.446987e-01 5.702488e-01 -1.611925e+00
5.227120e-01 2.432667e-01 5.711843e-01 -1.609582e+00
5.238311e-01 2.418453e-01 5.721183e-01 -1.607246e+00
5.249503e-01 2.404342e-01 5.730509e-01 -1.604916e+00
5.260694e-01 2.390333e-01 5.739820e-01 -1.602591e+00
5.271886e-01 2.376427e-01 5.749116e-01 -1.600273e+00
5.283077e-01 2.362621e-01 5.758397e-01 -1.597961e+00
5.294268e-01 2.348916e-01 5.767664e-01 -1.595655e+00
5.305460e-01 2.335310e-01 5.776916e-01 -1.593356e+00
5.316651e-01 2.321802e-01 5.786153e-01 -1.591062e+00
5.327843e-01 2.308391e-01 5.795375e-01 -1.588774e+00
5.339034e-01 2.295077e-01 5.804583e-01 -1.586492e+00
5.350226e-01 2.281858e-01 5.813777e-01 -1.584216e+00
5.361417e-01 2.268735e-01 5.822955e-01 -1.581946e+00
5.372609e-01 2.255705e-01 5.832120e-01 -1.579682e+00
5.383800e-01 2.242768e-01 5.841269e-01 -1.577423e+00
5.394992e-01 2.229923e-01 5.850404e-01 -1.575171e+00
5.406183e-01 2.217170e-01 5.859525e-01 -1.572924e+00
5.417374e-01 2.204508e-01 5.868631e-01 -1.570684e+00
5.428566e-01 2.191935e-01 5.877723e-01 -1.568449e+00
5.439757e-01 2.179451e-01 5.886800e-01 -1.566219e+00
5.450949e-01 2.167056e-01 5.895862e-01 -1.563996e+00
5.462140e-01 2.154748e-01 5.904911e-01 -1.561778e+00
5.473332e-01 2.142527e-01 5.913944e-01 -1.559566e+00
5.484523e-01 2.130391e-01 5.922964e-01 -1.557359e+00
5.495715e-01 2.118341e-01 5.931969e-01 -1.555158e+00
5.506906e-01 2.106375e-01 5.940960e-01 -1.552963e+00
5.518097e-01 2.094493e-01 5.949936e-01 -1.550773e+00
5.529289e-01 2.082694e-01 5.958898e-01 -1.548589e+00
5.540480e-01 2.070977e-01 5.967846e-01 -1.546411e+00
5.551672e-01 2.059342e-01 5.976779e-01 -1.544238e+00
5.562863e-01 2.047787e-01 5.985698e-01 -1.542070e+00
5.574055e-01 2.036313e-01 5.994603e-01 -1.539908e+00
5.585246e-01 2.024918e-01 6.003494e-01 -1.537752e+00
5.596438e-01 2.013602e-01 6.012371e-01 -1.535601e+00
5.607629e-01 2.002363e-01 6.021233e-01 -1.533455e+00
5.618820e-01 1.991203e-01 6.030081e-01 -1.531315e+00
5.630012e-01 1.980119e-01 6.038915e-01 -1.529180e+00
5.641203e-01 1.969111e-01 6.047735e-01 -1.527050e+00
5.652395e-01 1.958178e-01 6.056540e-01 -1.524926e+00
5.663586e-01 1.947320e-01 6.065332e-01 -1.522807e+00
5.674778e-01 1.936537e-01 6.074109e-01 -1.520694e+00
5.685969e-01 1.925827e-01 6.082873e-01 -1.518586e+00
5.697161e-01 1.915190e-01 6.091622e-01 -1.516483e+00
5.708352e-01 1.904625e-01 6.100357e-01 -1.514385e+00
5.719543e-01 1.894132e-01 6.109078e-01 -1.512292e+00
5.730735e-01 1.883709e-01 6.117786e-01 -1.510205e+00
5.741926e-01 1.873358e-01 6.126479e-01 -1.508123e+00
5.753118e-01 1.863076e-01 6.135158e-01 -1.506046e+00
5.764309e-01 1.852863e-01 6.143823e-01 -1.503974e+00
5.775501e-01 1.842719e-01 6.152475e-01 -1.501907e+00
5.786692e-01 1.832644e-01 6.161112e-01 -1.499845e+00
5.797884e-01 1.822636e-01 6.169736e-01 -1.497789e+00
5.809075e-01 1.812694e-01 6.178345e-01 -1.495737e+00
5.820266e-01 1.802820e-01 6.186941e-01 -1.493691e+00
5.831458e-01 1.793011e-01 6.195523e-01 -1.491649e+00
5.842649e-01 1.783267e-01 6.204091e-01 -1.489613e+00
5.853841e-01 1.773589e-01 6.212645e-01 -1.487581e+00
5.865032e-01 1.763974e-01 6.221186e-01 -1.485555e+00
5.876224e-01 1.754424e-01 6.229712e-01 -1.483533e+00
5.887415e-01 1.744936e-01 6.238225e-01 -1.481516e+00
5.898607e-01 1.735511e-01 6.246724e-01 -1.479505e+00
5.909798e-01 1.726149e-01 6.255210e-01 -1.477498e+00
5.920989e-01 1.716848e-01 6.263681e-01 -1.475496e+00
5.932181e-01 1.707608e-01 6.272139e-01 -1.473499e+00
5.943372e-01 1.698429e-01 6.280584e-01 -1.471507e+00
5.954564e-01 1.689310e-01 6.289014e-01 -1.469519e+00
5.965755e-01 1.680251e-01 6.297431e-01 -1.467536e+00
5.976947e-01 1.671251e-01 6.305834e-01 -1.465559e+00
5.988138e-01 1.662309e-01 6.314224e-01 -1.463586e+00
5.999330e-01 1.653426e-01 6.322600e-01 -1.461617e+00
6.010521e-01 1.644601e-01 6.330963e-01 -1.459654e+00
6.021712e-01 1.635833e-01 6.339311e-01 -1.457695e+00
6.032904e-01 1.627122e-01 6.347647e-01 -1.455740e+00
6.044095e-01 1.618467e-01 6.355969e-01 -1.453791e+00
6.055287e-01 1.609868e-01 6.364277e-01 -1.451846e+00
6.066478e-01 1.601325e-01 6.372572e-01 -1.449906e+00
6.077670e-01 1.592836e-01 6.380853e-01 -1.447970e+00
6.088861e-01 1.584403e-01 6.389121e-01 -1.446039e+00
6.100053e-01 1.576023e-01 6.397375e-01 -1.444113e+00
6.111244e-01 1.567697e-01 6.405616e-01 -1.442191e+00
6.122435e-01 1.559425e-01 6.413843e-01 -1.440274e+00
6.133627e-01 1.551205e-01 6.422057e-01 -1.438361e+00
6.144818e-01 1.543038e-01 6.430258e-01 -1.436453e+00
6.156010e-01 1.534923e-01 6.438445e-01 -1.434550e+00
6.167201e-01 1.526859e-01 6.446619e-01 -1.432650e+00
6.178393e-01 1.518847e-01 6.454779e-01 -1.430756e+00
6.189584e-01 1.510885e-01 6.462926e-01 -1.428866e+00
6.200776e-01 1.502974e-01 6.471060e-01 -1.426980e+00
6.211967e-01 1.495113e-01 6.479181e-01 -1.425099e+00
6.223158e-01 1.487302e-01 6.487288e-01 -1.423222e+00
6.234350e-01 1.479540e-01 6.495382e-01 -1.421349e+00
6.245541e-01 1.471826e-01 6.503463e-01 -1.419481e+00
6.256733e-01 1.464162e-01 6.511530e-01 -1.417617e+00
6.267924e-01 1.456545e-01 6.519584e-01 -1.415758e+00
6.279116e-01 1.448976e-01 6.527625e-01 -1.413903e+00
6.290307e-01 1.441455e-01 6.535653e-01 -1.412052e+00
6.301499e-01 1.433980e-01 6.543668e-01 -1.410206e+00
6.312690e-01 1.426552e-01 6.551669e-01 -1.408364e+00
6.323881e-01 1.419170e-01 6.559658e-01 -1.406526e+00
6.335073e-01 1.411835e-01 6.567633e-01 -1.404692e+00
6.346264e-01 1.404545e-01 6.575595e-01 -1.402863e+00
6.357456e-01 1.397300e-01 6.583544e-01 -1.401038e+00
6.368647e-01 1.390100e-01 6.591480e-01 -1.399217e+00
6.379839e-01 1.382944e-01 6.599402e-01 -1.397400e+00
6.391030e-01 1.375833e-01 6.607312e-01 -1.395588e+00
6.402222e-01 1.368765e-01 6.615209e-01 -1.393780e+00
6.413413e-01 1.361741e-01 6.623093e-01 -1.391976e+00
6.424604e-01 1.354760e-01 6.630963e-01 -1.390176e+00
6.435796e-01 1.347822e-01 6.638821e-01 -1.388380e+00
6.446987e-01 1.340927e-01 6.646665e-01 -1.386588e+00
6.458179e-01 1.334074e-01 6.654497e-01 -1.384800e+00
6.469370e-01 1.327262e-01 6.662316e-01 -1.383017e+00
6.480562e-01 1.320492e-01 6.670122e-01 -1.381237e+00
6.491753e-01 1.313764e-01 6.677915e-01 -1.379462e+00
6.502945e-01 1.307076e-01 6.685695e-01 -1.377691e+00
6.514136e-01 1.300429e-01 6.693462e-01 -1.375923e+00
6.525327e-01 1.293823e-01 6.701216e-01 -1.374160e+00
6.536519e-01 1.287256e-01 6.708957e-01 -1.372401e+00
6.547710e-01 1.280729e-01 6.716686e-01 -1.370645e+00
6.558902e-01 1.274242e-01 6.724401e-01 -1.368894e+00
6.570093e-01 1.267794e-01 6.732104e-01 -1.367147e+00
6.581285e-01 1.261384e-01 6.739794e-01 -1.365403e+00
6.592476e-01 1.255013e-01 6.747471e-01 -1.363664e+00
6.603668e-01 1.248681e-01 6.755136e-01 -1.361928e+00
6.614859e-01 1.242386e-01 6.762787e-01 -1.360196e+00
6.626050e-01 1.236129e-01 6.770426e-01 -1.358469e+00
6.637242e-01 1.229910e-01 6.778052e-01 -1.356745e+00
6.648433e-01 1.223728e-01 6.785666e-01 -1.355025e+00
6.659625e-01 1.217582e-01 6.793267e-01 -1.353309e+00
6.670816e-01 1.211473e-01 6.800855e-01 -1.351596e+00
6.682008e-01 1.205401e-01 6.808430e-01 -1.349888e+00
6.693199e-01 1.199364e-01 6.815993e-01 -1.348183e+00
6.704391e-01 1.193364e-01 6.823543e-01 -1.346482e+00
6.715582e-01 1.187399e-01 6.831080e-01 -1.344785e+00
6.726773e-01 1.181469e-01 6.838605e-01 -1.343092e+00
6.737965e-01 1.175574e-01 6.846117e-01 -1.341403e+00
6.749156e-01 1.169714e-01 6.853617e-01 -1.339717e+00
6.760348e-01 1.163889e-01 6.861104e-01 -1.338035e+00
6.771539e-01 1.158098e-01 6.868578e-01 -1.336357e+00
6.782731e-01 1.152341e-01 6.876040e-01 -1.334682e+00
6.793922e-01 1.146617e-01 6.883490e-01 -1.333011e+00
6.805114e-01 1.140928e-01 6.890927e-01 -1.331344e+00
6.816305e-01 1.135271e-01 6.898351e-01 -1.329681e+00
6.827496e-01 1.129648e-01 6.905763e-01 -1.328021e+00
6.838688e-01 1.124057e-01 6.913162e-01 -1.326365e+00
6.849879e-01 1.118499e-01 6.920549e-01 -1.324712e+00
6.861071e-01 1.112973e-01 6.927924e-01 -1.323063e+00
6.872262e-01 1.107480e-01 6.935286e-01 -1.321418e+00
6.883454e-01 1.102018e-01 6.942635e-01 -1.319776e+00
6.894645e-01 1.096588e-01 6.949973e-01 -1.318138e+00
6.905837e-01 1.091189e-01 6.957297e-01 -1.316504e+00
6.917028e-01 1.085822e-01 6.964610e-01 -1.314873e+00
6.928219e-01 1.080486e-01 6.971910e-01 -1.313246e+00
6.939411e-01 1.075180e-01 6.979198e-01 -1.311622e+00
6.950602e-01 1.069905e-01 6.986473e-01 -1.310002e+00
6.961794e-01 1.064660e-01 6.993736e-01 -1.308385e+00
6.972985e-01 1.059446e-01 7.000987e-01 -1.306772e+00
6.984177e-01 1.054261e-01 7.008225e-01 -1.305162e+00
6.995368e-01 1.049106e-01 7.015451e-01 -1.303556e+00
7.006560e-01 1.043980e-01 7.022665e-01 -1.301953e+00
7.017751e-01 1.038884e-01 7.029867e-01 -1.300354e+00
7.028942e-01 1.033817e-01 7.037056e-01 -1.298758e+00
7.040134e-01 1.028779e-01 7.044233e-01 -1.297166e+00
7.051325e-01 1.023769e-01 7.051398e-01 -1.295577e+00
7.062517e-01 1.018788e-01 7.058551e-01 -1.293992e+00
7.073708e-01 1.013835e-01 7.065691e-01 -1.292410e+00
7.084900e-01 1.008910e-01 7.072819e-01 -1.290831e+00
7.096091e-01 1.004013e-01 7.079936e-01 -1.289256e+00
7.107283e-01 9.991438e-02 7.087040e-01 -1.287684e+00
7.118474e-01 9.943020e-02 7.094131e-01 -1.286116e+00
7.129665e-01 9.894876e-02 7.101211e-01 -1.284551e+00
7.140857e-01 9.847002e-02 7.108279e-01 -1.282989e+00
7.152048e-01 9.799398e-02 7.115334e-01 -1.281430e+00
7.163240e-01 9.752061e-02 7.122378e-01 -1.279875e+00
7.174431e-01 9.704990e-02 7.129409e-01 -1.278323e+00
7.185623e-01 9.658183e-02 7.136428e-01 -1.276775e+00
7.196814e-01 9.611637e-02 7.143436e-01 -1.275230e+00
7.208006e-01 9.565352e-02 7.150431e-01 -1.273688e+00
7.219197e-01 9.519325e-02 7.157414e-01 -1.272149e+00
7.230388e-01 9.473555e-02 7.164385e-01 -1.270614e+00
7.241580e-01 9.428040e-02 7.171344e-01 -1.269082e+00
7.252771e-01 9.382777e-02 7.178292e-01 -1.267553e+00
7.263963e-01 9.337766e-02 7.185227e-01 -1.266027e+00
7.275154e-01 9.293005e-02 7.192150e-01 -1.264505e+00
7.286346e-01 9.248492e-02 7.199061e-01 -1.262986e+00
7.297537e-01 9.204225e-02 7.205961e-01 -1.261470e+00
7.308729e-01 9.160203e-02 7.212848e-01 -1.259957e+00
7.319920e-01 9.116424e-02 7.219724e-01 -1.258448e+00
7.331111e-01 9.072886e-02 7.226588e-01 -1.256941e+00
7.342303e-01 9.029588e-02 7.233439e-01 -1.255438e+00
7.353494e-01 8.986528e-02 7.240279e-01 -1.253938e+00
7.364686e-01 8.943705e-02 7.247107e-01 -1.252441e+00
7.375877e-01 8.901116e-02 7.253924e-01 -1.250947e+00
7.387069e-01 8.858761e-02 7.260728e-01 -1.249457e+00
7.398260e-01 8.816638e-02 7.267521e-01 -1.247969e+00
7.409452e-01 8.774744e-02 7.274301e-01 -1.246485e+00
7.420643e-01 8.733080e-02 7.281070e-01 -1.245003e+00
7.431834e-01 8.691643e-02 7.287828e-01 -1.243525e+00
7.443026e-01 8.650431e-02 7.294573e-01 -1.242050e+00
7.454217e-01 8.609444e-02 7.301307e-01 -1.240578e+00
7.465409e-01 8.568680e-02 7.308029e-01 -1.239109e+00
7.476600e-01 8.528136e-02 7.314739e-01 -1.237643e+00
7.487792e-01 8.487813e-02 7.321438e-01 -1.236180e+00
7.498983e-01 8.447707e-02 7.328124e-01 -1.234720e+00
7.510175e-01 8.407819e-02 7.334800e-01 -1.233263e+00
7.521366e-01 8.368146e-02 7.341463e-01 -1.231809e+00
7.532557e-01 8.328687e-02 7.348115e-01 -1.230358e+00
7.543749e-01 8.289441e-02 7.354755e-01 -1.228911e+00
7.554940e-01 8.250406e-02 7.361383e-01 -1.227466e+00
7.566132e-01 8.211580e-02 7.368000e-01 -1.226024e+00
7.577323e-01 8.172964e-02 7.374606e-01 -1.224585e+00
7.588515e-01 8.134554e-02 7.381199e-01 -1.223149e+00
7.599706e-01 8.096350e-02 7.387781e-01 -1.221716e+00
7.610898e-01 8.058350e-02 7.394352e-01 -1.220286e+00
7.622089e-01 8.020554e-02 7.400911e-01 -1.218859e+00
7.633280e-01 7.982959e-02 7.407458e-01 -1.217434e+00
7.644472e-01 7.945565e-02 7.413994e-01 -1.216013e+00
7.655663e-01 7.908370e-02 7.420518e-01 -1.214595e+00
7.666855e-01 7.871373e-02 7.427031e-01 -1.213179e+00
7.678046e-01 7.834572e-02 7.433532e-01 -1.211767e+00
7.689238e-01 7.797967e-02 7.440022e-01 -1.210357e+00
7.700429e-01 7.761555e-02 7.446500e-01 -1.208950e+00
7.711621e-01 7.725337e-02 7.452967e-01 -1.207546e+00
7.722812e-01 7.689310e-02 7.459422e-01 -1.206145e+00
7.734003e-01 7.653473e-02 7.465866e-01 -1.204747e+00
7.745195e-01 7.617826e-02 7.472299e-01 -1.203351e+00
7.756386e-01 7.582367e-02 7.478720e-01 -1.201958e+00
7.767578e-01 7.547094e-02 7.485129e-01 -1.200569e+00
7.778769e-01 7.512006e-02 7.491527e-01 -1.199182e+00
7.789961e-01 7.477103e-02 7.497914e-01 -1.197797e+00
7.801152e-01 7.442384e-02 7.504290e-01 -1.196416e+00
7.812344e-01 7.407846e-02 7.510654e-01 -1.195037e+00
7.823535e-01 7.373489e-02 7.517007e-01 -1.193662e+00
7.834726e-01 7.339312e-02 7.523348e-01 -1.192289e+00
7.845918e-01 7.305313e-02 7.529678e-01 -1.190918e+00
7.857109e-01 7.271492e-02 7.535997e-01 -1.189551e+00
7.868301e-01 7.237847e-02 7.542305e-01 -1.188186e+00
7.879492e-01 7.204377e-02 7.548601e-01 -1.186824e+00
7.890684e-01 7.171081e-02 7.554886e-01 -1.185465e+00
7.901875e-01 7.137958e-02 7.561159e-01 -1.184108e+00
7.913067e-01 7.105008e-02 7.567422e-01 -1.182754e+00
7.924258e-01 7.072228e-02 7.573673e-01 -1.181403e+00
7.935449e-01 7.039617e-02 7.579913e-01 -1.180054e+00
7.946641e-01 7.007176e-02 7.586141e-01 -1.178709e+00
7.957832e-01 6.974902e-02 7.592359e-01 -1.177366e+00
7.969024e-01 6.942795e-02 7.598565e-01 -1.176025e+00
7.980215e-01 6.910853e-02 7.604760e-01 -1.174687e+00
7.991407e-01 6.879076e-02 7.610944e-01 -1.173352e+00
8.002598e-01 6.847462e-02 7.617117e-01 -1.172020e+00
8.013790e-01 6.816011e-02 7.623279e-01 -1.170690e+00
8.024981e-01 6.784721e-02 7.629429e-01 -1.169363e+00
8.036172e-01 6.753591e-02 7.635569e-01 -1.168038e+00
8.047364e-01 6.722622e-02 7.641697e-01 -1.166717e+00
8.058555e-01 6.691810e-02 7.647814e-01 -1.165397e+00
8.069747e-01 6.661157e-02 7.653920e-01 -1.164081e+00
8.080938e-01 6.630659e-02 7.660015e-01 -1.162766e+00
8.092130e-01 6.600318e-02 7.666099e-01 -1.161455e+00
8.103321e-01 6.570131e-02 7.672172e-01 -1.160146e+00
8.114513e-01 6.540097e-02 7.678233e-01 -1.158840e+00
8.125704e-01 6.510217e-02 7.684284e-01 -1.157536e+00
8.136895e-01 6.480488e-02 7.690324e-01 -1.156235e+00
8.148087e-01 6.450910e-02 7.696353e-01 -1.154936e+00
8.159278e-01 6.421482e-02 7.702370e-01 -1.153640e+00
8.170470e-01 6.392203e-02 7.708377e-01 -1.152347e+00
8.181661e-01 6.363072e-02 7.714373e-01 -1.151056e+00
8.192853e-01 6.334089e-02 7.720358e-01 -1.149767e+00
8.204044e-01 6.305251e-02 7.726331e-01 -1.148481e+00
8.215236e-01 6.276559e-02 7.732294e-01 -1.147198e+00
8.226427e-01 6.248012e-02 7.738246e-01 -1.145917e+00
8.237618e-01 6.219609e-02 7.744187e-01 -1.144638e+00
8.248810e-01 6.191348e-02 7.750117e-01 -1.143362e+00
8.260001e-01 6.163229e-02 7.756037e-01 -1.142089e+00
8.271193e-01 6.135252e-02 7.761945e-01 -1.140818e+00
8.282384e-01 6.107414e-02 7.767842e-01 -1.139549e+00
8.293576e-01 6.079716e-02 7.773729e-01 -1.138283e+00
8.304767e-01 6.052157e-02 7.779605e-01 -1.137020e+00
8.315959e-01 6.024735e-02 7.785470e-01 -1.135758e+00
8.327150e-01 5.997450e-02 7.791324e-01 -1.134500e+00
8.338341e-01 5.970302e-02 7.797167e-01 -1.133244e+00
8.349533e-01 5.943289e-02 7.802999e-01 -1.131990e+00
8.360724e-01 5.916410e-02 7.808821e-01 -1.130738e+00
8.371916e-01 5.889664e-02 7.814632e-01 -1.129489e+00
8.383107e-01 5.863052e-02 7.820432e-01 -1.128243e+00
8.394299e-01 5.836572e-02 7.826221e-01 -1.126998e+00
8.405490e-01 5.810223e-02 7.832000e-01 -1.125757e+00
8.416682e-01 5.784005e-02 7.837768e-01 -1.124517e+00
8.427873e-01 5.757916e-02 7.843525e-01 -1.123280e+00
8.439064e-01 5.731956e-02 7.849271e-01 -1.122046e+00
8.450256e-01 5.706125e-02 7.855007e-01 -1.120813e+00
8.461447e-01 5.680421e-02 7.860732e-01 -1.119583e+00
8.472639e-01 5.654844e-02 7.866446e-01 -1.118356e+00
8.483830e-01 5.629393e-02 7.872149e-01 -1.117131e+00
8.495022e-01 5.604067e-02 7.877842e-01 -1.115908e+00
8.506213e-01 5.578865e-02 7.883525e-01 -1.114687e+00
8.517405e-01 5.553788e-02 7.889196e-01 -1.113469e+00
8.528596e-01 5.528833e-02 7.894857e-01 -1.112253e+00
8.539787e-01 5.504000e-02 7.900508e-01 -1.111040e+00
8.550979e-01 5.479290e-02 7.906147e-01 -1.109828e+00
8.562170e-01 5.454700e-02 7.911777e-01 -1.108619e+00
8.573362e-01 5.430230e-02 7.917395e-01 -1.107413e+00
8.584553e-01 5.405880e-02 7.923003e-01 -1.106208e+00
8.595745e-01 5.381649e-02 7.928601e-01 -1.105006e+00
8.606936e-01 5.357535e-02 7.934187e-01 -1.103806e+00
8.618128e-01 5.333540e-02 7.939764e-01 -1.102609e+00
8.629319e-01 5.309661e-02 7.945329e-01 -1.101414e+00
8.640510e-01 5.285898e-02 7.950885e-01 -1.100221e+00
8.651702e-01 5.262250e-02 7.956430e-01 -1.099030e+00
8.662893e-01 5.238717e-02 7.961964e-01 -1.097842e+00
8.674085e-01 5.215298e-02 7.967488e-01 -1.096655e+00
8.685276e-01 5.191993e-02 7.973001e-01 -1.095471e+00
8.696468e-01 5.168800e-02 7.978504e-01 -1.094290e+00
8.707659e-01 5.145720e-02 7.983996e-01 -1.093110e+00
8.718851e-01 5.122751e-02 7.989478e-01 -1.091933e+00
8.730042e-01 5.099892e-02 7.994949e-01 -1.090758e+00
8.741233e-01 5.077144e-02 8.000410e-01 -1.089585e+00
8.752425e-01 5.054506e-02 8.005861e-01 -1.088414e+00
8.763616e-01 5.031977e-02 8.011301e-01 -1.087245e+00
8.774808e-01 5.009555e-02 8.016731e-01 -1.086079e+00
8.785999e-01 4.987242e-02 8.022150e-01 -1.084915e+00
8.797191e-01 4.965036e-02 8.027560e-01 -1.083753e+00
8.808382e-01 4.942936e-02 8.032958e-01 -1.082593e+00
8.819574e-01 4.920942e-02 8.038347e-01 -1.081436e+00
8.830765e-01 4.899053e-02 8.043725e-01 -1.080280e+00
8.841956e-01 4.877269e-02 8.049092e-01 -1.079127e+00
8.853148e-01 4.855589e-02 8.054450e-01 -1.077976e+00
8.864339e-01 4.834013e-02 8.059797e-01 -1.076827e+00
8.875531e-01 4.812539e-02 8.065134e-01 -1.075680e+00
8.886722e-01 4.791168e-02 8.070460e-01 -1.074535e+00
8.897914e-01 4.769899e-02 8.075776e-01 -1.073393e+00
8.909105e-01 4.748731e-02 8.081082e-01 -1.072252e+00
8.920297e-01 4.727663e-02 8.086378e-01 -1.071114e+00
8.931488e-01 4.706696e-02 8.091663e-01 -1.069977e+00
8.942679e-01 4.685828e-02 8.096938e-01 -1.068843e+00
8.953871e-01 4.665059e-02 8.102203e-01 -1.067711e+00
8.965062e-01 4.644388e-02 8.107458e-01 -1.066581e+00
8.976254e-01 4.623815e-02 8.112703e-01 -1.065453e+00
8.987445e-01 4.603340e-02 8.117937e-01 -1.064328e+00
8.998637e-01 4.582961e-02 8.123161e-01 -1.063204e+00
9.009828e-01 4.562678e-02 8.128375e-01 -1.062082e+00
9.021020e-01 4.542492e-02 8.133579e-01 -1.060963e+00
9.032211e-01 4.522400e-02 8.138773e-01 -1.059845e+00
9.043402e-01 4.502403e-02 8.143956e-01 -1.058730e+00
9.054594e-01 4.482500e-02 8.149130e-01 -1.057616e+00
9.065785e-01 4.462691e-02 8.154293e-01 -1.056505e+00
9.076977e-01 4.442974e-02 8.159446e-01 -1.055396e+00
9.088168e-01 4.423351e-02 8.164590e-01 -1.054288e+00
9.099360e-01 4.403819e-02 8.169723e-01 -1.053183e+00
9.110551e-01 4.384379e-02 8.174846e-01 -1.052080e+00
9.121743e-01 4.365030e-02 8.179958e-01 -1.050978e+00
9.132934e-01 4.345771e-02 8.185061e-01 -1.049879e+00
9.144125e-01 4.326603e-02 8.190154e-01 -1.048782e+00
9.155317e-01 4.307524e-02 8.195237e-01 -1.047687e+00
9.166508e-01 4.288534e-02 8.200310e-01 -1.046594e+00
9.177700e-01 4.269633e-02 8.205372e-01 -1.045502e+00
9.188891e-01 4.250819e-02 8.210425e-01 -1.044413e+00
9.200083e-01 4.232094e-02 8.215468e-01 -1.043326e+00
9.211274e-01 4.213455e-02 8.220500e-01 -1.042241e+00
9.222466e-01 4.194903e-02 8.225523e-01 -1.041157e+00
9.233657e-01 4.176438e-02 8.230536e-01 -1.040076e+00
9.244848e-01 4.158058e-02 8.235539e-01 -1.038997e+00
9.256040e-01 4.139763e-02 8.240532e-01 -1.037919e+00
9.267231e-01 4.121553e-02 8.245515e-01 -1.036844e+00
9.278423e-01 4.103428e-02 8.250488e-01 -1.035770e+00
9.289614e-01 4.085386e-02 8.255451e-01 -1.034699e+00
9.300806e-01 4.067428e-02 8.260404e-01 -1.033629e+00
9.311997e-01 4.049553e-02 8.265348e-01 -1.032561e+00
9.323189e-01 4.031760e-02 8.270281e-01 -1.031495e+00
9.334380e-01 4.014049e-02 8.275205e-01 -1.030432e+00
9.345571e-01 3.996420e-02 8.280118e-01 -1.029370e+00
9.356763e-01 3.978873e-02 8.285022e-01 -1.028310e+00
9.367954e-01 3.961406e-02 8.289917e-01 -1.027251e+00
9.379146e-01 3.944019e-02 8.294801e-01 -1.026195e+00
9.390337e-01 3.926712e-02 8.299675e-01 -1.025141e+00
9.401529e-01 3.909485e-02 8.304540e-01 -1.024088e+00
9.412720e-01 3.892337e-02 8.309395e-01 -1.023038e+00
9.423912e-01 3.875268e-02 8.314240e-01 -1.021989e+00
9.435103e-01 3.858276e-02 8.319075e-01 -1.020943e+00
9.446294e-01 3.841363e-02 8.323901e-01 -1.019898e+00
9.457486e-01 3.824527e-02 8.328716e-01 -1.018855e+00
9.468677e-01 3.807768e-02 8.333522e-01 -1.017813e+00
9.479869e-01 3.791085e-02 8.338319e-01 -1.016774e+00
9.491060e-01 3.774479e-02 8.343105e-01 -1.015737e+00
9.502252e-01 3.757948e-02 8.347882e-01 -1.014701e+00
9.513443e-01 3.741493e-02 8.352649e-01 -1.013667e+00
9.524635e-01 3.725113e-02 8.357407e-01 -1.012635e+00
9.535826e-01 3.708807e-02 8.362154e-01 -1.011605e+00
9.547017e-01 3.692576e-02 8.366892e-01 -1.010577e+00
9.558209e-01 3.676418e-02 8.371621e-01 -1.009551e+00
9.569400e-01 3.660334e-02 8.376340e-01 -1.008526e+00
9.580592e-01 3.644323e-02 8.381049e-01 -1.007503e+00
9.591783e-01 3.628384e-02 8.385748e-01 -1.006482e+00
9.602975e-01 3.612518e-02 8.390438e-01 -1.005463e+00
9.614166e-01 3.596723e-02 8.395119e-01 -1.004446e+00
9.625358e-01 3.581000e-02 8.399789e-01 -1.003430e+00
9.636549e-01 3.565349e-02 8.404450e-01 -1.002416e+00
9.647740e-01 3.549768e-02 8.409102e-01 -1.001404e+00
9.658932e-01 3.534257e-02 8.413744e-01 -1.000394e+00
9.670123e-01 3.518817e-02 8.418376e-01 -9.993857e-01
9.681315e-01 3.503446e-02 8.422999e-01 -9.983791e-01
9.692506e-01 3.488144e-02 8.427612e-01 -9.973743e-01
9.703698e-01 3.472911e-02 8.432216e-01 -9.963712e-01
9.714889e-01 3.457747e-02 8.436810e-01 -9.953699e-01
9.726081e-01 3.442652e-02 8.441395e-01 -9.943703e-01
9.737272e-01 3.427624e-02 8.445970e-01 -9.933725e-01
9.748463e-01 3.412663e-02 8.450536e-01 -9.923765e-01
9.759655e-01 3.397770e-02 8.455092e-01 -9.913822e-01
9.770846e-01 3.382944e-02 8.459639e-01 -9.903896e-01
9.782038e-01 3.368184e-02 8.464177e-01 -9.893988e-01
9.793229e-01 3.353490e-02 8.468704e-01 -9.884097e-01
9.804421e-01 3.338863e-02 8.473223e-01 -9.874224e-01
9.815612e-01 3.324300e-02 8.477732e-01 -9.864367e-01
9.826804e-01 3.309803e-02 8.482232e-01 -9.854528e-01
9.837995e-01 3.295371e-02 8.486722e-01 -9.844707e-01
9.849186e-01 3.281003e-02 8.491203e-01 -9.834902e-01
9.860378e-01 3.266699e-02 8.495674e-01 -9.825114e-01
9.871569e-01 3.252459e-02 8.500136e-01 -9.815344e-01
9.882761e-01 3.238283e-02 8.504589e-01 -9.805590e-01
9.893952e-01 3.224169e-02 8.509032e-01 -9.795854e-01
9.905144e-01 3.210119e-02 8.513466e-01 -9.786134e-01
9.916335e-01 3.196131e-02 8.517891e-01 -9.776431e-01
9.927527e-01 3.182205e-02 8.522306e-01 -9.766745e-01
9.938718e-01 3.168342e-02 8.526712e-01 -9.757076e-01
9.949909e-01 3.154540e-02 8.531109e-01 -9.747424e-01
9.961101e-01 3.140799e-02 8.535496e-01 -9.737789e-01
9.972292e-01 3.127119e-02 8.539875e-01 -9.728170e-01
9.983484e-01 3.113500e-02 8.544243e-01 -9.718567e-01
9.994675e-01 3.099941e-02 8.548603e-01 -9.708982e-01
1.000587e+00 3.086442e-02 8.552953e-01 -9.699413e-01
1.001706e+00 3.073003e-02 8.557295e-01 -9.689860e-01
1.002825e+00 3.059624e-02 8.561626e-01 -9.680324e-01
1.003944e+00 3.046303e-02 8.565949e-01 -9.670805e-01
1.005063e+00 3.033042e-02 8.570263e-01 -9.661302e-01
1.006182e+00 3.019839e-02 8.574567e-01 -9.651815e-01
1.007302e+00 3.006694e-02 8.578862e-01 -9.642344e-01
1.008421e+00 2.993608e-02 8.583148e-01 -9.632890e-01
1.009540e+00 2.980579e-02 8.587424e-01 -9.623452e-01
1.010659e+00 2.967607e-02 8.591692e-01 -9.614031e-01
1.011778e+00 2.954693e-02 8.595950e-01 -9.604625e-01
1.012897e+00 2.941835e-02 8.600200e-01 -9.595236e-01
1.014016e+00 2.929034e-02 8.604440e-01 -9.585862e-01
1.015136e+00 2.916289e-02 8.608671e-01 -9.576505e-01
1.016255e+00 2.903601e-02 8.612893e-01 -9.567164e-01
1.017374e+00 2.890968e-02 8.617105e-01 -9.557839e-01
1.018493e+00 2.878390e-02 8.621309e-01 -9.548529e-01
1.019612e+00 2.865868e-02 8.625504e-01 -9.539236e-01
1.020731e+00 2.853400e-02 8.629689e-01 -9.529959e-01
1.021850e+00 2.840987e-02 8.633866e-01 -9.520697e-01
1.022970e+00 2.828629e-02 8.638033e-01 -9.511451e-01
1.024089e+00 2.816324e-02 8.642192e-01 -9.502221e-01
1.025208e+00 2.804074e-02 8.646341e-01 -9.493007e-01
1.026327e+00 2.791877e-02 8.650481e-01 -9.483808e-01
1.027446e+00 2.779733e-02 8.654613e-01 -9.474625e-01
1.028565e+00 2.767642e-02 8.658735e-01 -9.465458e-01
1.029684e+00 2.755605e-02 8.662848e-01 -9.456306e-01
1.030804e+00 2.743619e-02 8.666953e-01 -9.447170e-01
1.031923e+00 2.731686e-02 8.671048e-01 -9.438049e-01
1.033042e+00 2.719805e-02 8.675135e-01 -9.428943e-01
1.034161e+00 2.707976e-02 8.679212e-01 -9.419854e-01
1.035280e+00 2.696198e-02 8.683281e-01 -9.410779e-01
1.036399e+00 2.684471e-02 8.687340e-01 -9.401720e-01
1.037518e+00 2.672796e-02 8.691391e-01 -9.392676e-01
1.038638e+00 2.661171e-02 8.695433e-01 -9.383648e-01
1.039757e+00 2.649597e-02 8.699466e-01 -9.374634e-01
1.040876e+00 2.638073e-02 8.703490e-01 -9.365636e-01
1.041995e+00 2.626599e-02 8.707505e-01 -9.356653e-01
1.043114e+00 2.615174e-02 8.711511e-01 -9.347686e-01
1.044233e+00 2.603800e-02 8.715509e-01 -9.338733e-01
1.045352e+00 2.592474e-02 8.719497e-01 -9.329796e-01
1.046472e+00 2.581198e-02 8.723477e-01 -9.320873e-01
1.047591e+00 2.569971e-02 8.727448e-01 -9.311966e-01
1.048710e+00 2.558792e-02 8.731410e-01 -9.303073e-01
1.049829e+00 2.547661e-02 8.735363e-01 -9.294195e-01
1.050948e+00 2.536579e-02 8.739308e-01 -9.285333e-01
1.052067e+00 2.525544e-02 8.743243e-01 -9.276485e-01
1.053186e+00 2.514558e-02 8.747170e-01 -9.267652e-01
1.054306e+00 2.503618e-02 8.751088e-01 -9.258834e-01
1.055425e+00 2.492726e-02 8.754998e-01 -9.250030e-01
1.056544e+00 2.481881e-02 8.758899e-01 -9.241242e-01
1.057663e+00 2.471083e-02 8.762790e-01 -9.232468e-01
1.058782e+00 2.460331e-02 8.766674e-01 -9.223708e-01
1.059901e+00 2.449625e-02 8.770548e-01 -9.214964e-01
1.061020e+00 2.438966e-02 8.774414e-01 -9.206234e-01
1.062140e+00 2.428352e-02 8.778271e-01 -9.197518e-01
1.063259e+00 2.417784e-02 8.782119e-01 -9.188817e-01
1.064378e+00 2.407262e-02 8.785959e-01 -9.180130e-01
1.065497e+00 2.396785e-02 8.789790e-01 -9.171458e-01
1.066616e+00 2.386352e-02 8.793613e-01 -9.162801e-01
1.067735e+00 2.375965e-02 8.797426e-01 -9.154158e-01
1.068854e+00 2.365622e-02 8.801232e-01 -9.145529e-01
1.069974e+00 2.355324e-02 8.805028e-01 -9.136914e-01
1.071093e+00 2.345070e-02 8.808816e-01 -9.128314e-01
1.072212e+00 2.334859e-02 8.812595e-01 -9.119728e-01
1.073331e+00 2.324693e-02 8.816366e-01 -9.111156e-01
1.074450e+00 2.314570e-02 8.820128e-01 -9.102599e-01
1.075569e+00 2.304490e-02 8.823882e-01 -9.094055e-01
1.076688e+00 2.294454e-02 8.827627e-01 -9.085526e-01
1.077808e+00 2.284460e-02 8.831363e-01 -9.077011e-01
1.078927e+00 2.274510e-02 8.835091e-01 -9.068510e-01
1.080046e+00 2.264601e-02 8.838810e-01 -9.060023e-01
1.081165e+00 2.254736e-02 8.842521e-01 -9.051550e-01
1.082284e+00 2.244912e-02 8.846224e-01 -9.043091e-01
1.083403e+00 2.235130e-02 8.849918e-01 -9.034646e-01
1.084522e+00 2.225390e-02 8.853603e-01 -9.026215e-01
1.085642e+00 2.215692e-02 8.857280e-01 -9.017797e-01
1.086761e+00 2.206034e-02 8.860948e-01 -9.009394e-01
1.087880e+00 2.196419e-02 8.864608e-01 -9.001004e-01
1.088999e+00 2.186844e-02 8.868260e-01 -8.992629e-01
1.090118e+00 2.177309e-02 8.871903e-01 -8.984267e-01
1.091237e+00 2.167816e-02 8.875537e-01 -8.975918e-01
1.092357e+00 2.158363e-02 8.879164e-01 -8.967584e-01
1.093476e+00 2.148950e-02 8.882781e-01 -8.959263e-01
1.094595e+00 2.139577e-02 8.886391e-01 -8.950955e-01
1.095714e+00 2.130244e-02 8.889992e-01 -8.942662e-01
1.096833e+00 2.120951e-02 8.893584e-01 -8.934381e-01
1.097952e+00 2.111697e-02 8.897169e-01 -8.926115e-01
1.099071e+00 2.102482e-02 8.900745e-01 -8.917862e-01
1.100191e+00 2.093307e-02 8.904312e-01 -8.909622e-01
1.101310e+00 2.084170e-02 8.907871e-01 -8.901396e-01
1.102429e+00 2.075073e-02 8.911422e-01 -8.893183e-01
1.103548e+00 2.066014e-02 8.914965e-01 -8.884984e-01
1.104667e+00 2.056993e-02 8.918499e-01 -8.876798e-01
1.105786e+00 2.048010e-02 8.922025e-01 -8.868625e-01
1.106905e+00 2.039066e-02 8.925543e-01 -8.860466e-01
1.108025e+00 2.030160e-02 8.929052e-01 -8.852320e-01
1.109144e+00 2.021291e-02 8.932553e-01 -8.844187e-01
1.110263e+00 2.012460e-02 8.936046e-01 -8.836068e-01
1.111382e+00 2.003666e-02 8.939531e-01 -8.827961e-01
1.112501e+00 1.994909e-02 8.943008e-01 -8.819868e-01
1.113620e+00 1.986189e-02 8.946476e-01 -8.811788e-01
1.114739e+00 1.977507e-02 8.949936e-01 -8.803721e-01
1.115859e+00 1.968861e-02 8.953388e-01 -8.795667e-01
1.116978e+00 1.960251e-02 8.956831e-01 -8.787626e-01
1.118097e+00 1.951678e-02 8.960267e-01 -8.779598e-01
1.119216e+00 1.943141e-02 8.963694e-01 -8.771583e-01
1.120335e+00 1.934640e-02 8.967113e-01 -8.763582e-01
1.121454e+00 1.926175e-02 8.970524e-01 -8.755593e-01
1.122573e+00 1.917746e-02 8.973927e-01 -8.747616e-01
1.123693e+00 1.909352e-02 8.977321e-01 -8.739653e-01
1.124812e+00 1.900993e-02 8.980708e-01 -8.731703e-01
1.125931e+00 1.892670e-02 8.984086e-01 -8.723765e-01
1.127050e+00 1.884382e-02 8.987457e-01 -8.715841e-01
1.128169e+00 1.876129e-02 8.990819e-01 -8.707929e-01
1.129288e+00 1.867911e-02 8.994173e-01 -8.700029e-01
1.130407e+00 1.859727e-02 8.997519e-01 -8.692143e-01
1.131527e+00 1.851578e-02 9.000857e-01 -8.684269e-01
1.132646e+00 1.843462e-02 9.004187e-01 -8.676408e-01
1.133765e+00 1.835382e-02 9.007509e-01 -8.668559e-01
1.134884e+00 1.827335e-02 9.010823e-01 -8.660723e-01
1.136003e+00 1.819321e-02 9.014129e-01 -8.652899e-01
1.137122e+00 1.811342e-02 9.017427e-01 -8.645088e-01
1.138241e+00 1.803396e-02 9.020717e-01 -8.637290e-01
1.139361e+00 1.795484e-02 9.023999e-01 -8.629504e-01
1.140480e+00 1.787604e-02 9.027273e-01 -8.621731e-01
1.141599e+00 1.779758e-02 9.030539e-01 -8.613970e-01
1.142718e+00 1.771945e-02 9.033797e-01 -8.606221e-01
1.143837e+00 1.764165e-02 9.037047e-01 -8.598485e-01
1.144956e+00 1.756417e-02 9.040289e-01 -8.590761e-01
1.146075e+00 1.748702e-02 9.043523e-01 -8.583049e-01
1.147195e+00 1.741019e-02 9.046749e-01 -8.575350e-01
1.148314e+00 1.733368e-02 9.049968e-01 -8.567663e-01
1.149433e+00 1.725749e-02 9.053178e-01 -8.559988e-01
1.150552e+00 1.718163e-02 9.056381e-01 -8.552325e-01
1.151671e+00 1.710608e-02 9.059576e-01 -8.544675e-01
1.152790e+00 1.703084e-02 9.062763e-01 -8.537037e-01
1.153909e+00 1.695593e-02 9.065942e-01 -8.529411e-01
1.155029e+00 1.688132e-02 9.069113e-01 -8.521797e-01
1.156148e+00 1.680703e-02 9.072276e-01 -8.514195e-01
1.157267e+00 1.673305e-02 9.075432e-01 -8.506605e-01
1.158386e+00 1.665938e-02 9.078580e-01 -8.499027e-01
1.159505e+00 1.658602e-02 9.081719e-01 -8.491462e-01
1.160624e+00 1.651296e-02 9.084852e-01 -8.483908e-01
1.161743e+00 1.644021e-02 9.087976e-01 -8.476366e-01
1.162863e+00 1.636777e-02 9.091093e-01 -8.468836e-01
1.163982e+00 1.629562e-02 9.094202e-01 -8.461318e-01
1.165101e+00 1.622378e-02 9.097303e-01 -8.453812e-01
1.166220e+00 1.615224e-02 9.100396e-01 -8.446318e-01
1.167339e+00 1.608100e-02 9.103482e-01 -8.438835e-01
1.168458e+00 1.601005e-02 9.106560e-01 -8.431365e-01
1.169577e+00 1.593940e-02 9.109630e-01 -8.423906e-01
1.170697e+00 1.586905e-02 9.112692e-01 -8.416459e-01
1.171816e+00 1.579899e-02 9.115747e-01 -8.409023e-01
1.172935e+00 1.572922e-02 9.118794e-01 -8.401600e-01
1.174054e+00 1.565975e-02 9.121834e-01 -8.394188e-01
1.175173e+00 1.559056e-02 9.124866e-01 -8.386787e-01
1.176292e+00 1.552166e-02 9.127890e-01 -8.379399e-01
1.177411e+00 1.545305e-02 9.130907e-01 -8.372022e-01
1.178531e+00 1.538473e-02 9.133916e-01 -8.364656e-01
1.179650e+00 1.531669e-02 9.136917e-01 -8.357302e-01
1.180769e+00 1.524894e-02 9.139911e-01 -8.349960e-01
1.181888e+00 1.518146e-02 9.142897e-01 -8.342629e-01
1.183007e+00 1.511427e-02 9.145875e-01 -8.335309e-01
1.184126e+00 1.504736e-02 9.148846e-01 -8.328001e-01
1.185245e+00 1.498073e-02 9.151810e-01 -8.320705e-01
1.186365e+00 1.491437e-02 9.154766e-01 -8.313420e-01
1.187484e+00 1.484829e-02 9.157714e-01 -8.306146e-01
1.188603e+00 1.478249e-02 9.160655e-01 -8.298884e-01
1.189722e+00 1.471696e-02 9.163588e-01 -8.291633e-01
1.190841e+00 1.465171e-02 9.166514e-01 -8.284393e-01
1.191960e+00 1.458672e-02 9.169433e-01 -8.277165e-01
1.193080e+00 1.452201e-02 9.172343e-01 -8.269947e-01
1.194199e+00 1.445756e-02 9.175247e-01 -8.262741e-01
1.195318e+00 1.439339e-02 9.178143e-01 -8.255547e-01
1.196437e+00 1.432948e-02 9.181031e-01 -8.248363e-01
1.197556e+00 1.426583e-02 9.183912e-01 -8.241191e-01
1.198675e+00 1.420246e-02 9.186786e-01 -8.234030e-01
1.199794e+00 1.413934e-02 9.189652e-01 -8.226880e-01
1.200914e+00 1.407649e-02 9.192511e-01 -8.219741e-01
1.202033e+00 1.401390e-02 9.195362e-01 -8.212613e-01
1.203152e+00 1.395157e-02 9.198206e-01 -8.205496e-01
1.204271e+00 1.388950e-02 9.201043e-01 -8.198390e-01
1.205390e+00 1.382768e-02 9.203872e-01 -8.191296e-01
1.206509e+00 1.376613e-02 9.206694e-01 -8.184212e-01
1.207628e+00 1.370483e-02 9.209508e-01 -8.177139e-01
1.208748e+00 1.364378e-02 9.212315e-01 -8.170077e-01
1.209867e+00 1.358299e-02 9.215115e-01 -8.163026e-01
1.210986e+00 1.352245e-02 9.217908e-01 -8.155986e-01
1.212105e+00 1.346217e-02 9.220693e-01 -8.148957e-01
1.213224e+00 1.340213e-02 9.223471e-01 -8.141939e-01
1.214343e+00 1.334234e-02 9.226242e-01 -8.134931e-01
1.215462e+00 1.328280e-02 9.229005e-01 -8.127934e-01
1.216582e+00 1.322351e-02 9.231761e-01 -8.120948e-01
1.217701e+00 1.316447e-02 9.234510e-01 -8.113973e-01
1.218820e+00 1.310567e-02 9.237251e-01 -8.107009e-01
1.219939e+00 1.304711e-02 9.239986e-01 -8.100055e-01
1.221058e+00 1.298880e-02 9.242713e-01 -8.093112e-01
1.222177e+00 1.293073e-02 9.245433e-01 -8.086180e-01
1.223296e+00 1.287290e-02 9.248146e-01 -8.079258e-01
1.224416e+00 1.281531e-02 9.250851e-01 -8.072347e-01
1.225535e+00 1.275796e-02 9.253550e-01 -8.065447e-01
1.226654e+00 1.270085e-02 9.256241e-01 -8.058557e-01
1.227773e+00 1.264398e-02 9.258925e-01 -8.051678e-01
1.228892e+00 1.258734e-02 9.261602e-01 -8.044809e-01
1.230011e+00 1.253094e-02 9.264272e-01 -8.037951e-01
1.231130e+00 1.247477e-02 9.266934e-01 -8.031103e-01
1.232250e+00 1.241883e-02 9.269590e-01 -8.024266e-01
1.233369e+00 1.236313e-02 9.272238e-01 -8.017439e-01
1.234488e+00 1.230766e-02 9.274880e-01 -8.010622e-01
1.235607e+00 1.225242e-02 9.277514e-01 -8.003816e-01
1.236726e+00 1.219741e-02 9.280141e-01 -7.997021e-01
1.237845e+00 1.214262e-02 9.282761e-01 -7.990236e-01
1.238964e+00 1.208807e-02 9.285375e-01 -7.983461e-01
1.240084e+00 1.203374e-02 9.287981e-01 -7.976696e-01
1.241203e+00 1.197963e-02 9.290580e-01 -7.969942e-01
1.242322e+00 1.192575e-02 9.293172e-01 -7.963198e-01
1.243441e+00 1.187210e-02 9.295757e-01 -7.956465e-01
1.244560e+00 1.181866e-02 9.298335e-01 -7.949741e-01
1.245679e+00 1.176545e-02 9.300906e-01 -7.943028e-01
1.246798e+00 1.171246e-02 9.303470e-01 -7.936325e-01
1.247918e+00 1.165969e-02 9.306027e-01 -7.929632e-01
1.249037e+00 1.160714e-02 9.308577e-01 -7.922949e-01
1.250156e+00 1.155481e-02 9.311120e-01 -7.916277e-01
1.251275e+00 1.150269e-02 9.313656e-01 -7.909615e-01
1.252394e+00 1.145079e-02 9.316186e-01 -7.902962e-01
1.253513e+00 1.139911e-02 9.318708e-01 -7.896320e-01
1.254632e+00 1.134764e-02 9.321224e-01 -7.889688e-01
1.255752e+00 1.129638e-02 9.323732e-01 -7.883066e-01
1.256871e+00 1.124534e-02 9.326234e-01 -7.876454e-01
1.257990e+00 1.119451e-02 9.328729e-01 -7.869852e-01
1.259109e+00 1.114389e-02 9.331217e-01 -7.863259e-01
1.260228e+00 1.109348e-02 9.333698e-01 -7.856677e-01
1.261347e+00 1.104328e-02 9.336173e-01 -7.850105e-01
1.262466e+00 1.099329e-02 9.338640e-01 -7.843543e-01
1.263586e+00 1.094350e-02 9.341101e-01 -7.836990e-01
1.264705e+00 1.089393e-02 9.343555e-01 -7.830448e-01
1.265824e+00 1.084455e-02 9.346002e-01 -7.823915e-01
1.266943e+00 1.079539e-02 9.348442e-01 -7.817392e-01
1.268062e+00 1.074643e-02 9.350876e-01 -7.810879e-01
1.269181e+00 1.069767e-02 9.353303e-01 -7.804376e-01
1.270300e+00 1.064911e-02 9.355723e-01 -7.797882e-01
1.271420e+00 1.060076e-02 9.358136e-01 -7.791399e-01
1.272539e+00 1.055260e-02 9.360543e-01 -7.784925e-01
1.273658e+00 1.050465e-02 9.362943e-01 -7.778460e-01
1.274777e+00 1.045689e-02 9.365336e-01 -7.772006e-01
1.275896e+00 1.040934e-02 9.367722e-01 -7.765561e-01
1.277015e+00 1.036198e-02 9.370102e-01 -7.759126e-01
1.278134e+00 1.031482e-02 9.372475e-01 -7.752700e-01
1.279254e+00 1.026785e-02 9.374842e-01 -7.746284e-01
1.280373e+00 1.022108e-02 9.377202e-01 -7.739878e-01
1.281492e+00 1.017451e-02 9.379555e-01 -7.733481e-01
1.282611e+00 1.012813e-02 9.381901e-01 -7.727094e-01
1.283730e+00 1.008194e-02 9.384241e-01 -7.720716e-01
1.284849e+00 1.003594e-02 9.386574e-01 -7.714348e-01
1.285968e+00 9.990135e-03 9.388901e-01 -7.707989e-01
1.287088e+00 9.944519e-03 9.391221e-01 -7.701640e-01
1.288207e+00 9.899094e-03 9.393535e-01 -7.695300e-01
1.289326e+00 9.853857e-03 9.395842e-01 -7.688970e-01
1.290445e+00 9.808809e-03 9.398142e-01 -7.682649e-01
1.291564e+00 9.763948e-03 9.400436e-01 -7.676338e-01
1.292683e+00 9.719274e-03 9.402724e-01 -7.670036e-01
1.293803e+00 9.674786e-03 9.405004e-01 -7.663743e-01
1.294922e+00 9.630482e-03 9.407279e-01 -7.657460e-01
1.296041e+00 9.586364e-03 9.409547e-01 -7.651186e-01
1.297160e+00 9.542429e-03 9.411808e-01 -7.644921e-01
1.298279e+00 9.498677e-03 9.414063e-01 -7.638666e-01
1.299398e+00 9.455107e-03 9.416311e-01 -7.632420e-01
1.300517e+00 9.411718e-03 9.418553e-01 -7.626183e-01
1.301637e+00 9.368511e-03 9.420789e-01 -7.619956e-01
1.302756e+00 9.325483e-03 9.423018e-01 -7.613737e-01
1.303875e+00 9.282635e-03 9.425240e-01 -7.607528e-01
1.304994e+00 9.239965e-03 9.427456e-01 -7.601328e-01
1.306113e+00 9.197473e-03 9.429666e-01 -7.595138e-01
1.307232e+00 9.155158e-03 9.431870e-01 -7.588956e-01
1.308351e+00 9.113019e-03 9.434067e-01 -7.582784e-01
1.309471e+00 9.071056e-03 9.436257e-01 -7.576620e-01
1.310590e+00 9.029268e-03 9.438442e-01 -7.570466e-01
1.311709e+00 8.987655e-03 9.440620e-01 -7.564321e-01
1.312828e+00 8.946215e-03 9.442791e-01 -7.558185e-01
1.313947e+00 8.904948e-03 9.444957e-01 -7.552058e-01
1.315066e+00 8.863853e-03 9.447116e-01 -7.545940e-01
1.316185e+00 8.822929e-03 9.449268e-01 -7.539831e-01
1.317305e+00 8.782177e-03 9.451415e-01 -7.533731e-01
1.318424e+00 8.741594e-03 9.453555e-01 -7.527640e-01
1.319543e+00 8.701181e-03 9.455689e-01 -7.521558e-01
1.320662e+00 8.660937e-03 9.457816e-01 -7.515485e-01
1.321781e+00 8.620861e-03 9.459937e-01 -7.509420e-01
1.322900e+00 8.580952e-03 9.462053e-01 -7.503365e-01
1.324019e+00 8.541210e-03 9.464161e-01 -7.497319e-01
1.325139e+00 8.501634e-03 9.466264e-01 -7.491281e-01
1.326258e+00 8.462224e-03 9.468360e-01 -7.485252e-01
1.327377e+00 8.422978e-03 9.470451e-01 -7.479233e-01
1.328496e+00 8.383896e-03 9.472535e-01 -7.473221e-01
1.329615e+00 8.344978e-03 9.474613e-01 -7.467219e-01
1.330734e+00 8.306223e-03 9.476684e-01 -7.461226e-01
1.331853e+00 8.267629e-03 9.478750e-01 -7.455241e-01
1.332973e+00 8.229197e-03 9.480809e-01 -7.449265e-01
1.334092e+00 8.190927e-03 9.482863e-01 -7.443298e-01
1.335211e+00 8.152816e-03 9.484910e-01 -7.437339e-01
1.336330e+00 8.114865e-03 9.486951e-01 -7.431390e-01
1.337449e+00 8.077072e-03 9.488986e-01 -7.425448e-01
1.338568e+00 8.039439e-03 9.491015e-01 -7.419516e-01
1.339687e+00 8.001962e-03 9.493037e-01 -7.413592e-01
1.340807e+00 7.964643e-03 9.495054e-01 -7.407677e-01
1.341926e+00 7.927480e-03 9.497065e-01 -7.401770e-01
1.343045e+00 7.890473e-03 9.499069e-01 -7.395873e-01
1.344164e+00 7.853622e-03 9.501068e-01 -7.389983e-01
1.345283e+00 7.816924e-03 9.503061e-01 -7.384102e-01
1.346402e+00 7.780381e-03 9.505047e-01 -7.378230e-01
1.347521e+00 7.743991e-03 9.507028e-01 -7.372366e-01
1.348641e+00 7.707754e-03 9.509002e-01 -7.366511e-01
1.349760e+00 7.671669e-03 9.510971e-01 -7.360664e-01
1.350879e+00 7.635735e-03 9.512934e-01 -7.354826e-01
1.351998e+00 7.599953e-03 9.514890e-01 -7.348996e-01
1.353117e+00 7.564321e-03 9.516841e-01 -7.343175e-01
1.354236e+00 7.528838e-03 9.518786e-01 -7.337362e-01
1.355355e+00 7.493505e-03 9.520725e-01 -7.331558e-01
1.356475e+00 7.458320e-03 9.522658e-01 -7.325761e-01
1.357594e+00 7.423283e-03 9.524585e-01 -7.319974e-01
1.358713e+00 7.388393e-03 9.526506e-01 -7.314194e-01
1.359832e+00 7.353651e-03 9.528421e-01 -7.308423e-01
1.360951e+00 7.319054e-03 9.530331e-01 -7.302661e-01
1.362070e+00 7.284603e-03 9.532234e-01 -7.296906e-01
1.363189e+00 7.250297e-03 9.534132e-01 -7.291160e-01
1.364309e+00 7.216136e-03 9.536024e-01 -7.285423e-01
1.365428e+00 7.182119e-03 9.537910e-01 -7.279693e-01
1.366547e+00 7.148245e-03 9.539790e-01 -7.273972e-01
1.367666e+00 7.114513e-03 9.541664e-01 -7.268259e-01
1.368785e+00 7.080924e-03 9.543533e-01 -7.262554e-01
1.369904e+00 7.047477e-03 9.545396e-01 -7.256858e-01
1.371023e+00 7.014171e-03 9.547253e-01 -7.251169e-01
1.372143e+00 6.981005e-03 9.549104e-01 -7.245489e-01
1.373262e+00 6.947979e-03 9.550950e-01 -7.239817e-01
1.374381e+00 6.915093e-03 9.552790e-01 -7.234153e-01
1.375500e+00 6.882346e-03 9.554624e-01 -7.228497e-01
1.376619e+00 6.849737e-03 9.556453e-01 -7.222850e-01
1.377738e+00 6.817265e-03 9.558275e-01 -7.217210e-01
1.378857e+00 6.784931e-03 9.560092e-01 -7.211579e-01
1.379977e+00 6.752734e-03 9.561904e-01 -7.205955e-01
1.381096e+00 6.720673e-03 9.563709e-01 -7.200340e-01
1.382215e+00 6.688748e-03 9.565509e-01 -7.194733e-01
1.383334e+00 6.656957e-03 9.567304e-01 -7.189133e-01
1.384453e+00 6.625301e-03 9.569092e-01 -7.183542e-01
1.385572e+00 6.593780e-03 9.570875e-01 -7.177959e-01
1.386691e+00 6.562392e-03 9.572653e-01 -7.172384e-01
1.387811e+00 6.531136e-03 9.574425e-01 -7.166816e-01
1.388930e+00 6.500014e-03 9.576191e-01 -7.161257e-01
1.390049e+00 6.469023e-03 9.577952e-01 -7.155705e-01
1.391168e+00 6.438164e-03 9.579707e-01 -7.150162e-01
1.392287e+00 6.407435e-03 9.581456e-01 -7.144626e-01
1.393406e+00 6.376837e-03 9.583200e-01 -7.139098e-01
1.394526e+00 6.346369e-03 9.584939e-01 -7.133578e-01
1.395645e+00 6.316031e-03 9.586672e-01 -7.128066e-01
1.396764e+00 6.285821e-03 9.588399e-01 -7.122562e-01
1.397883e+00 6.255740e-03 9.590121e-01 -7.117066e-01
1.399002e+00 6.225786e-03 9.591838e-01 -7.111577e-01
1.400121e+00 6.195960e-03 9.593549e-01 -7.106096e-01
1.401240e+00 6.166261e-03 9.595254e-01 -7.100623e-01
1.402360e+00 6.136688e-03 9.596954e-01 -7.095158e-01
1.403479e+00 6.107241e-03 9.598648e-01 -7.089701e-01
1.404598e+00 6.077919e-03 9.600338e-01 -7.084251e-01
1.405717e+00 6.048723e-03 9.602021e-01 -7.078809e-01
1.406836e+00 6.019650e-03 9.603699e-01 -7.073375e-01
1.407955e+00 5.990702e-03 9.605372e-01 -7.067948e-01
1.409074e+00 5.961877e-03 9.607040e-01 -7.062529e-01
1.410194e+00 5.933175e-03 9.608702e-01 -7.057118e-01
1.411313e+00 5.904596e-03 9.610358e-01 -7.051714e-01
1.412432e+00 5.876138e-03 9.612010e-01 -7.046318e-01
1.413551e+00 5.847803e-03 9.613656e-01 -7.040930e-01
1.414670e+00 5.819588e-03 9.615296e-01 -7.035549e-01
1.415789e+00 5.791493e-03 9.616932e-01 -7.030176e-01
1.416908e+00 5.763519e-03 9.618562e-01 -7.024810e-01
1.418028e+00 5.735665e-03 9.620186e-01 -7.019452e-01
1.419147e+00 5.707929e-03 9.621806e-01 -7.014102e-01
1.420266e+00 5.680313e-03 9.623420e-01 -7.008759e-01
1.421385e+00 5.652814e-03 9.625028e-01 -7.003423e-01
1.422504e+00 5.625433e-03 9.626632e-01 -6.998095e-01
1.423623e+00 5.598170e-03 9.628230e-01 -6.992775e-01
1.424742e+00 5.571024e-03 9.629823e-01 -6.987462e-01
1.425862e+00 5.543994e-03 9.631411e-01 -6.982156e-01
1.426981e+00 5.517079e-03 9.632994e-01 -6.976858e-01
1.428100e+00 5.490281e-03 9.634571e-01 -6.971568e-01
1.429219e+00 5.463597e-03 9.636143e-01 -6.966284e-01
1.430338e+00 5.437028e-03 9.637710e-01 -6.961009e-01
1.431457e+00 5.410573e-03 9.639272e-01 -6.955740e-01
1.432576e+00 5.384232e-03 9.640828e-01 -6.950479e-01
1.433696e+00 5.358004e-03 9.642380e-01 -6.945226e-01
1.434815e+00 5.331889e-03 9.643926e-01 -6.939979e-01
1.435934e+00 5.305887e-03 9.645467e-01 -6.934740e-01
1.437053e+00 5.279996e-03 9.647003e-01 -6.929509e-01
1.438172e+00 5.254217e-03 9.648534e-01 -6.924284e-01
1.439291e+00 5.228548e-03 9.650060e-01 -6.919067e-01
1.440410e+00 5.202991e-03 9.651581e-01 -6.913858e-01
1.441530e+00 5.177544e-03 9.653096e-01 -6.908655e-01
1.442649e+00 5.152206e-03 9.654607e-01 -6.903460e-01
1.443768e+00 5.126978e-03 9.656112e-01 -6.898272e-01
1.444887e+00 5.101859e-03 9.657613e-01 -6.893091e-01
1.446006e+00 5.076848e-03 9.659108e-01 -6.887918e-01
1.447125e+00 5.051945e-03 9.660599e-01 -6.882751e-01
1.448244e+00 5.027150e-03 9.662084e-01 -6.877592e-01
1.449364e+00 5.002462e-03 9.663564e-01 -6.872440e-01
1.450483e+00 4.977881e-03 9.665040e-01 -6.867296e-01
1.451602e+00 4.953407e-03 9.666510e-01 -6.862158e-01
1.452721e+00 4.929038e-03 9.667976e-01 -6.857027e-01
1.453840e+00 4.904775e-03 9.669436e-01 -6.851904e-01
1.454959e+00 4.880617e-03 9.670891e-01 -6.846788e-01
1.456078e+00 4.856564e-03 9.672342e-01 -6.841679e-01
1.457198e+00 4.832615e-03 9.673788e-01 -6.836577e-01
1.458317e+00 4.808770e-03 9.675228e-01 -6.831482e-01
1.459436e+00 4.785029e-03 9.676664e-01 -6.826394e-01
1.460555e+00 4.761391e-03 9.678095e-01 -6.821313e-01
1.461674e+00 4.737855e-03 9.679521e-01 -6.816239e-01
1.462793e+00 4.714422e-03 9.680942e-01 -6.811172e-01
1.463912e+00 4.691091e-03 9.682358e-01 -6.806112e-01
1.465032e+00 4.667861e-03 9.683770e-01 -6.801059e-01
1.466151e+00 4.644733e-03 9.685176e-01 -6.796013e-01
1.467270e+00 4.621705e-03 9.686578e-01 -6.790975e-01
1.468389e+00 4.598778e-03 9.687975e-01 -6.785943e-01
1.469508e+00 4.575950e-03 9.689367e-01 -6.780918e-01
1.470627e+00 4.553222e-03 9.690755e-01 -6.775899e-01
1.471746e+00 4.530593e-03 9.692137e-01 -6.770888e-01
1.472866e+00 4.508063e-03 9.693515e-01 -6.765884e-01
1.473985e+00 4.485632e-03 9.694888e-01 -6.760887e-01
1.475104e+00 4.463298e-03 9.696256e-01 -6.755896e-01
1.476223e+00 4.441062e-03 9.697619e-01 -6.750913e-01
1.477342e+00 4.418924e-03 9.698978e-01 -6.745936e-01
1.478461e+00 4.396882e-03 9.700332e-01 -6.740966e-01
1.479580e+00 4.374937e-03 9.701681e-01 -6.736003e-01
1.480700e+00 4.353088e-03 9.703026e-01 -6.731046e-01
1.481819e+00 4.331334e-03 9.704366e-01 -6.726097e-01
1.482938e+00 4.309676e-03 9.705701e-01 -6.721154e-01
1.484057e+00 4.288113e-03 9.707032e-01 -6.716218e-01
1.485176e+00 4.266645e-03 9.708358e-01 -6.711289e-01
1.486295e+00 4.245271e-03 9.709679e-01 -6.706367e-01
1.487414e+00 4.223991e-03 9.710995e-01 -6.701451e-01
1.488534e+00 4.202804e-03 9.712307e-01 -6.696542e-01
1.489653e+00 4.181711e-03 9.713615e-01 -6.691640e-01
1.490772e+00 4.160710e-03 9.714917e-01 -6.686744e-01
1.491891e+00 4.139802e-03 9.716215e-01 -6.681855e-01
1.493010e+00 4.118986e-03 9.717509e-01 -6.676973e-01
1.494129e+00 4.098261e-03 9.718798e-01 -6.672098e-01
1.495249e+00 4.077628e-03 9.720082e-01 -6.667229e-01
1.496368e+00 4.057086e-03 9.721362e-01 -6.662367e-01
1.497487e+00 4.036635e-03 9.722638e-01 -6.657511e-01
1.498606e+00 4.016274e-03 9.723908e-01 -6.652662e-01
1.499725e+00 3.996002e-03 9.725175e-01 -6.647820e-01
1.500844e+00 3.975821e-03 9.726436e-01 -6.642984e-01
1.501963e+00 3.955729e-03 9.727694e-01 -6.638155e-01
1.503083e+00 3.935725e-03 9.728946e-01 -6.633332e-01
1.504202e+00 3.915810e-03 9.730195e-01 -6.628516e-01
1.505321e+00 3.895984e-03 9.731438e-01 -6.623707e-01
1.506440e+00 3.876245e-03 9.732678e-01 -6.618904e-01
1.507559e+00 3.856594e-03 9.733913e-01 -6.614107e-01
1.508678e+00 3.837030e-03 9.735143e-01 -6.609317e-01
1.509797e+00 3.817552e-03 9.736369e-01 -6.604534e-01
1.510917e+00 3.798162e-03 9.737591e-01 -6.599757e-01
1.512036e+00 3.778857e-03 9.738808e-01 -6.594986e-01
1.513155e+00 3.759638e-03 9.740021e-01 -6.590222e-01
1.514274e+00 3.740505e-03 9.741229e-01 -6.585465e-01
1.515393e+00 3.721457e-03 9.742433e-01 -6.580714e-01
1.516512e+00 3.702494e-03 9.743633e-01 -6.575969e-01
1.517631e+00 3.683615e-03 9.744828e-01 -6.571231e-01
1.518751e+00 3.664820e-03 9.746019e-01 -6.566499e-01
1.519870e+00 3.646109e-03 9.747206e-01 -6.561773e-01
1.520989e+00 3.627482e-03 9.748388e-01 -6.557054e-01
1.522108e+00 3.608938e-03 9.749566e-01 -6.552342e-01
1.523227e+00 3.590476e-03 9.750740e-01 -6.547635e-01
1.524346e+00 3.572097e-03 9.751910e-01 -6.542935e-01
1.525465e+00 3.553801e-03 9.753075e-01 -6.538241e-01
1.526585e+00 3.535586e-03 9.754236e-01 -6.533554e-01
1.527704e+00 3.517453e-03 9.755392e-01 -6.528873e-01
1.528823e+00 3.499401e-03 9.756545e-01 -6.524198e-01
1.529942e+00 3.481430e-03 9.757693e-01 -6.519530e-01
1.531061e+00 3.463539e-03 9.758837e-01 -6.514867e-01
1.532180e+00 3.445729e-03 9.759976e-01 -6.510212e-01
1.533299e+00 3.427999e-03 9.761112e-01 -6.505562e-01
1.534419e+00 3.410348e-03 9.762243e-01 -6.500918e-01
1.535538e+00 3.392777e-03 9.763370e-01 -6.496281e-01
1.536657e+00 3.375285e-03 9.764493e-01 -6.491650e-01
1.537776e+00 3.357871e-03 9.765612e-01 -6.487025e-01
1.538895e+00 3.340536e-03 9.766727e-01 -6.482407e-01
1.540014e+00 3.323279e-03 9.767837e-01 -6.477794e-01
1.541133e+00 3.306100e-03 9.768944e-01 -6.473188e-01
1.542253e+00 3.288998e-03 9.770046e-01 -6.468588e-01
1.543372e+00 3.271974e-03 9.771144e-01 -6.463994e-01
1.544491e+00 3.255026e-03 9.772238e-01 -6.459407e-01
1.545610e+00 3.238155e-03 9.773328e-01 -6.454825e-01
1.546729e+00 3.221360e-03 9.774414e-01 -6.450249e-01
1.547848e+00 3.204641e-03 9.775496e-01 -6.445680e-01
1.548967e+00 3.187998e-03 9.776574e-01 -6.441117e-01
1.550087e+00 3.171431e-03 9.777647e-01 -6.436560e-01
1.551206e+00 3.154938e-03 9.778717e-01 -6.432008e-01
1.552325e+00 3.138520e-03 9.779783e-01 -6.427463e-01
1.553444e+00 3.122177e-03 9.780844e-01 -6.422924e-01
1.554563e+00 3.105907e-03 9.781902e-01 -6.418391e-01
1.555682e+00 3.089712e-03 9.782955e-01 -6.413864e-01
1.556801e+00 3.073590e-03 9.784005e-01 -6.409344e-01
1.557921e+00 3.057542e-03 9.785051e-01 -6.404829e-01
1.559040e+00 3.041566e-03 9.786092e-01 -6.400320e-01
1.560159e+00 3.025664e-03 9.787130e-01 -6.395817e-01
1.561278e+00 3.009834e-03 9.788164e-01 -6.391320e-01
1.562397e+00 2.994076e-03 9.789194e-01 -6.386829e-01
1.563516e+00 2.978390e-03 9.790220e-01 -6.382344e-01
1.564635e+00 2.962775e-03 9.791242e-01 -6.377865e-01
1.565755e+00 2.947232e-03 9.792260e-01 -6.373392e-01
1.566874e+00 2.931760e-03 9.793274e-01 -6.368925e-01
1.567993e+00 2.916358e-03 9.794284e-01 -6.364463e-01
1.569112e+00 2.901027e-03 9.795291e-01 -6.360008e-01
1.570231e+00 2.885767e-03 9.796293e-01 -6.355559e-01
1.571350e+00 2.870576e-03 9.797292e-01 -6.351115e-01
1.572469e+00 2.855455e-03 9.798287e-01 -6.346677e-01
1.573589e+00 2.840403e-03 9.799278e-01 -6.342245e-01
1.574708e+00 2.825420e-03 9.800265e-01 -6.337819e-01
1.575827e+00 2.810506e-03 9.801249e-01 -6.333399e-01
1.576946e+00 2.795661e-03 9.802228e-01 -6.328985e-01
1.578065e+00 2.780884e-03 9.803204e-01 -6.324576e-01
1.579184e+00 2.766174e-03 9.804176e-01 -6.320174e-01
1.580303e+00 2.751533e-03 9.805144e-01 -6.315777e-01
1.581423e+00 2.736959e-03 9.806109e-01 -6.311386e-01
1.582542e+00 2.722452e-03 9.807070e-01 -6.307000e-01
1.583661e+00 2.708012e-03 9.808027e-01 -6.302621e-01
1.584780e+00 2.693639e-03 9.808980e-01 -6.298247e-01
1.585899e+00 2.679333e-03 9.809930e-01 -6.293879e-01
1.587018e+00 2.665092e-03 9.810875e-01 -6.289517e-01
1.588137e+00 2.650917e-03 9.811818e-01 -6.285160e-01
1.589257e+00 2.636808e-03 9.812756e-01 -6.280809e-01
1.590376e+00 2.622764e-03 9.813691e-01 -6.276464e-01
1.591495e+00 2.608785e-03 9.814622e-01 -6.272125e-01
1.592614e+00 2.594871e-03 9.815549e-01 -6.267791e-01
1.593733e+00 2.581022e-03 9.816473e-01 -6.263463e-01
1.594852e+00 2.567237e-03 9.817393e-01 -6.259141e-01
1.595972e+00 2.553516e-03 9.818310e-01 -6.254824e-01
1.597091e+00 2.539859e-03 9.819223e-01 -6.250513e-01
1.598210e+00 2.526265e-03 9.820132e-01 -6.246207e-01
1.599329e+00 2.512734e-03 9.821038e-01 -6.241907e-01
1.600448e+00 2.499267e-03 9.821940e-01 -6.237613e-01
1.601567e+00 2.485862e-03 9.822838e-01 -6.233325e-01
1.602686e+00 2.472520e-03 9.823733e-01 -6.229042e-01
1.603806e+00 2.459240e-03 9.824625e-01 -6.224764e-01
1.604925e+00 2.446023e-03 9.825513e-01 -6.220492e-01
1.606044e+00 2.432866e-03 9.826397e-01 -6.216226e-01
1.607163e+00 2.419772e-03 9.827278e-01 -6.211965e-01
1.608282e+00 2.406739e-03 9.828155e-01 -6.207710e-01
1.609401e+00 2.393767e-03 9.829029e-01 -6.203460e-01
1.610520e+00 2.380855e-03 9.829899e-01 -6.199216e-01
1.611640e+00 2.368004e-03 9.830766e-01 -6.194978e-01
1.612759e+00 2.355214e-03 9.831629e-01 -6.190745e-01
1.613878e+00 2.342483e-03 9.832489e-01 -6.186517e-01
1.614997e+00 2.329812e-03 9.833345e-01 -6.182295e-01
1.616116e+00 2.317201e-03 9.834198e-01 -6.178078e-01
1.617235e+00 2.304650e-03 9.835047e-01 -6.173867e-01
1.618354e+00 2.292157e-03 9.835893e-01 -6.169662e-01
1.619474e+00 2.279723e-03 9.836736e-01 -6.165461e-01
1.620593e+00 2.267348e-03 9.837575e-01 -6.161267e-01
1.621712e+00 2.255031e-03 9.838411e-01 -6.157077e-01
1.622831e+00 2.242772e-03 9.839243e-01 -6.152893e-01
1.623950e+00 2.230572e-03 9.840072e-01 -6.148715e-01
1.625069e+00 2.218429e-03 9.840898e-01 -6.144542e-01
1.626188e+00 2.206343e-03 9.841720e-01 -6.140374e-01
1.627308e+00 2.194315e-03 9.842539e-01 -6.136212e-01
1.628427e+00 2.182343e-03 9.843354e-01 -6.132055e-01
1.629546e+00 2.170429e-03 9.844166e-01 -6.127903e-01
1.630665e+00 2.158570e-03 9.844975e-01 -6.123757e-01
1.631784e+00 2.146769e-03 9.845781e-01 -6.119616e-01
1.632903e+00 2.135023e-03 9.846583e-01 -6.115481e-01
1.634022e+00 2.123333e-03 9.847382e-01 -6.111351e-01
1.635142e+00 2.111699e-03 9.848178e-01 -6.107226e-01
1.636261e+00 2.100120e-03 9.848970e-01 -6.103106e-01
1.637380e+00 2.088596e-03 9.849759e-01 -6.098992e-01
1.638499e+00 2.077127e-03 9.850545e-01 -6.094883e-01
1.639618e+00 2.065713e-03 9.851328e-01 -6.090779e-01
1.640737e+00 2.054353e-03 9.852107e-01 -6.086681e-01
1.641856e+00 2.043048e-03 9.852883e-01 -6.082588e-01
1.642976e+00 2.031797e-03 9.853656e-01 -6.078500e-01
1.644095e+00 2.020599e-03 9.854426e-01 -6.074417e-01
1.645214e+00 2.009455e-03 9.855193e-01 -6.070340e-01
1.646333e+00 1.998365e-03 9.855956e-01 -6.066267e-01
1.647452e+00 1.987328e-03 9.856716e-01 -6.062200e-01
1.648571e+00 1.976343e-03 9.857473e-01 -6.058139e-01
1.649690e+00 1.965412e-03 9.858227e-01 -6.054082e-01
1.650810e+00 1.954533e-03 9.858978e-01 -6.050031e-01
1.651929e+00 1.943706e-03 9.859725e-01 -6.045985e-01
1.653048e+00 1.932931e-03 9.860469e-01 -6.041944e-01
1.654167e+00 1.922208e-03 9.861211e-01 -6.037908e-01
1.655286e+00 1.911537e-03 9.861949e-01 -6.033877e-01
1.656405e+00 1.900918e-03 9.862684e-01 -6.029851e-01
1.657524e+00 1.890349e-03 9.863416e-01 -6.025831e-01
1.658644e+00 1.879832e-03 9.864145e-01 -6.021816e-01
1.659763e+00 1.869365e-03 9.864870e-01 -6.017806e-01
1.660882e+00 1.858949e-03 9.865593e-01 -6.013801e-01
1.662001e+00 1.848584e-03 9.866313e-01 -6.009801e-01
1.663120e+00 1.838268e-03 9.867029e-01 -6.005806e-01
1.664239e+00 1.828003e-03 9.867743e-01 -6.001816e-01
1.665358e+00 1.817787e-03 9.868453e-01 -5.997831e-01
1.666478e+00 1.807621e-03 9.869161e-01 -5.993852e-01
1.667597e+00 1.797505e-03 9.869865e-01 -5.989877e-01
1.668716e+00 1.787437e-03 9.870567e-01 -5.985907e-01
1.669835e+00 1.777419e-03 9.871265e-01 -5.981943e-01
1.670954e+00 1.767449e-03 9.871961e-01 -5.977984e-01
1.672073e+00 1.757528e-03 9.872653e-01 -5.974029e-01
1.673192e+00 1.747656e-03 9.873343e-01 -5.970080e-01
1.674312e+00 1.737831e-03 9.874030e-01 -5.966135e-01
1.675431e+00 1.728054e-03 9.874713e-01 -5.962196e-01
1.676550e+00 1.718326e-03 9.875394e-01 -5.958261e-01
1.677669e+00 1.708644e-03 9.876072e-01 -5.954332e-01
1.678788e+00 1.699010e-03 9.876747e-01 -5.950407e-01
1.679907e+00 1.689424e-03 9.877419e-01 -5.946488e-01
1.681026e+00 1.679884e-03 9.878088e-01 -5.942573e-01
1.682146e+00 1.670391e-03 9.878754e-01 -5.938664e-01
1.683265e+00 1.660945e-03 9.879417e-01 -5.934759e-01
1.684384e+00 1.651545e-03 9.880078e-01 -5.930859e-01
1.685503e+00 1.642191e-03 9.880735e-01 -5.926964e-01
1.686622e+00 1.632883e-03 9.881390e-01 -5.923074e-01
1.687741e+00 1.623622e-03 9.882042e-01 -5.919189e-01
1.688860e+00 1.614405e-03 9.882691e-01 -5.915309e-01
1.689980e+00 1.605234e-03 9.883337e-01 -5.911434e-01
1.691099e+00 1.596109e-03 9.883980e-01 -5.907564e-01
1.692218e+00 1.587028e-03 9.884621e-01 -5.903698e-01
1.693337e+00 1.577993e-03 9.885258e-01 -5.899837e-01
1.694456e+00 1.569002e-03 9.885893e-01 -5.895982e-01
1.695575e+00 1.560055e-03 9.886526e-01 -5.892131e-01
1.696695e+00 1.551153e-03 9.887155e-01 -5.888285e-01
1.697814e+00 1.542295e-03 9.887782e-01 -5.884443e-01
1.698933e+00 1.533481e-03 9.888405e-01 -5.880607e-01
1.700052e+00 1.524711e-03 9.889027e-01 -5.876775e-01
1.701171e+00 1.515984e-03 9.889645e-01 -5.872948e-01
1.702290e+00 1.507301e-03 9.890261e-01 -5.869126e-01
1.703409e+00 1.498660e-03 9.890873e-01 -5.865309e-01
1.704529e+00 1.490063e-03 9.891484e-01 -5.861496e-01
1.705648e+00 1.481509e-03 9.892091e-01 -5.857689e-01
1.706767e+00 1.472997e-03 9.892696e-01 -5.853886e-01
1.707886e+00 1.464528e-03 9.893298e-01 -5.850087e-01
1.709005e+00 1.456101e-03 9.893898e-01 -5.846294e-01
1.710124e+00 1.447717e-03 9.894494e-01 -5.842505e-01
1.711243e+00 1.439374e-03 9.895088e-01 -5.838721e-01
1.712363e+00 1.431073e-03 9.895680e-01 -5.834942e-01
1.713482e+00 1.422813e-03 9.896269e-01 -5.831167e-01
1.714601e+00 1.414595e-03 9.896855e-01 -5.827397e-01
1.715720e+00 1.406419e-03 9.897438e-01 -5.823632e-01
1.716839e+00 1.398283e-03 9.898019e-01 -5.819872e-01
1.717958e+00 1.390188e-03 9.898598e-01 -5.816116e-01
1.719077e+00 1.382134e-03 9.899173e-01 -5.812365e-01
1.720197e+00 1.374120e-03 9.899747e-01 -5.808618e-01
1.721316e+00 1.366147e-03 9.900317e-01 -5.804876e-01
1.722435e+00 1.358214e-03 9.900885e-01 -5.801139e-01
1.723554e+00 1.350321e-03 9.901450e-01 -5.797407e-01
1.724673e+00 1.342468e-03 9.902013e-01 -5.793679e-01
1.725792e+00 1.334655e-03 9.902574e-01 -5.789956e-01
1.726911e+00 1.326881e-03 9.903131e-01 -5.786237e-01
1.728031e+00 1.319147e-03 9.903687e-01 -5.782523e-01
1.729150e+00 1.311451e-03 9.904239e-01 -5.778813e-01
1.730269e+00 1.303795e-03 9.904790e-01 -5.775108e-01
1.731388e+00 1.296177e-03 9.905337e-01 -5.771408e-01
1.732507e+00 1.288599e-03 9.905882e-01 -5.767712e-01
1.733626e+00 1.281058e-03 9.906425e-01 -5.764021e-01
1.734745e+00 1.273556e-03 9.906965e-01 -5.760335e-01
1.735865e+00 1.266093e-03 9.907503e-01 -5.756653e-01
1.736984e+00 1.258667e-03 9.908038e-01 -5.752975e-01
1.738103e+00 1.251279e-03 9.908571e-01 -5.749302e-01
1.739222e+00 1.243929e-03 9.909102e-01 -5.745634e-01
1.740341e+00 1.236616e-03 9.909630e-01 -5.741970e-01
1.741460e+00 1.229341e-03 9.910155e-01 -5.738311e-01
1.742579e+00 1.222103e-03 9.910678e-01 -5.734656e-01
1.743699e+00 1.214902e-03 9.911199e-01 -5.731005e-01
1.744818e+00 1.207738e-03 9.911717e-01 -5.727360e-01
1.745937e+00 1.200610e-03 9.912233e-01 -5.723718e-01
1.747056e+00 1.193520e-03 9.912747e-01 -5.720081e-01
1.748175e+00 1.186465e-03 9.913258e-01 -5.716449e-01
1.749294e+00 1.179447e-03 9.913767e-01 -5.712821e-01
1.750413e+00 1.172465e-03 9.914273e-01 -5.709197e-01
1.751533e+00 1.165519e-03 9.914777e-01 -5.705578e-01
1.752652e+00 1.158609e-03 9.915279e-01 -5.701963e-01
1.753771e+00 1.151734e-03 9.915778e-01 -5.698353e-01
1.754890e+00 1.144895e-03 9.916275e-01 -5.694747e-01
1.756009e+00 1.138091e-03 9.916770e-01 -5.691146e-01
1.757128e+00 1.131322e-03 9.917262e-01 -5.687549e-01
1.758247e+00 1.124588e-03 9.917752e-01 -5.683957e-01
1.759367e+00 1.117889e-03 9.918240e-01 -5.680368e-01
1.760486e+00 1.111225e-03 9.918726e-01 -5.676785e-01
1.761605e+00 1.104596e-03 9.919209e-01 -5.673205e-01
1.762724e+00 1.098001e-03 9.919690e-01 -5.669630e-01
1.763843e+00 1.091440e-03 9.920168e-01 -5.666059e-01
1.764962e+00 1.084913e-03 9.920645e-01 -5.662493e-01
1.766081e+00 1.078420e-03 9.921119e-01 -5.658931e-01
1.767201e+00 1.071961e-03 9.921591e-01 -5.655374e-01
1.768320e+00 1.065535e-03 9.922061e-01 -5.651820e-01
1.769439e+00 1.059144e-03 9.922528e-01 -5.648271e-01
1.770558e+00 1.052785e-03 9.922993e-01 -5.644727e-01
1.771677e+00 1.046460e-03 9.923456e-01 -5.641186e-01
1.772796e+00 1.040168e-03 9.923917e-01 -5.637650e-01
1.773915e+00 1.033908e-03 9.924376e-01 -5.634119e-01
1.775035e+00 1.027682e-03 9.924832e-01 -5.630591e-01
1.776154e+00 1.021488e-03 9.925287e-01 -5.627068e-01
1.777273e+00 1.015326e-03 9.925739e-01 -5.623549e-01
1.778392e+00 1.009197e-03 9.926189e-01 -5.620034e-01
1.779511e+00 1.003100e-03 9.926637e-01 -5.616524e-01
1.780630e+00 9.970357e-04 9.927082e-01 -5.613018e-01
1.781749e+00 9.910028e-04 9.927526e-01 -5.609516e-01
1.782869e+00 9.850017e-04 9.927967e-01 -5.606019e-01
1.783988e+00 9.790323e-04 9.928406e-01 -5.602525e-01
1.785107e+00 9.730943e-04 9.928844e-01 -5.599036e-01
1.786226e+00 9.671877e-04 9.929279e-01 -5.595551e-01
1.787345e+00 9.613123e-04 9.929712e-01 -5.592070e-01
1.788464e+00 9.554680e-04 9.930142e-01 -5.588594e-01
1.789583e+00 9.496546e-04 9.930571e-01 -5.585122e-01
1.790703e+00 9.438721e-04 9.930998e-01 -5.581653e-01
1.791822e+00 9.381202e-04 9.931422e-01 -5.578190e-01
1.792941e+00 9.323988e-04 9.931845e-01 -5.574730e-01
1.794060e+00 9.267078e-04 9.932265e-01 -5.571274e-01
1.795179e+00 9.210471e-04 9.932684e-01 -5.567823e-01
1.796298e+00 9.154165e-04 9.933100e-01 -5.564375e-01
1.797418e+00 9.098158e-04 9.933515e-01 -5.560932e-01
1.798537e+00 9.042451e-04 9.933927e-01 -5.557493e-01
1.799656e+00 8.987040e-04 9.934337e-01 -5.554059e-01
1.800775e+00 8.931925e-04 9.934746e-01 -5.550628e-01
1.801894e+00 8.877105e-04 9.935152e-01 -5.547201e-01
1.803013e+00 8.822578e-04 9.935557e-01 -5.543779e-01
1.804132e+00 8.768342e-04 9.935959e-01 -5.540360e-01
1.805252e+00 8.714397e-04 9.936359e-01 -5.536946e-01
1.806371e+00 8.660742e-04 9.936758e-01 -5.533536e-01
1.807490e+00 8.607374e-04 9.937154e-01 -5.530130e-01
1.808609e+00 8.554293e-04 9.937549e-01 -5.526728e-01
1.809728e+00 8.501497e-04 9.937941e-01 -5.523330e-01
1.810847e+00 8.448986e-04 9.938332e-01 -5.519936e-01
1.811966e+00 8.396757e-04 9.938720e-01 -5.516546e-01
1.813086e+00 8.344809e-04 9.939107e-01 -5.513160e-01
1.814205e+00 8.293142e-04 9.939492e-01 -5.509779e-01
1.815324e+00 8.241753e-04 9.939875e-01 -5.506401e-01
1.816443e+00 8.190642e-04 9.940256e-01 -5.503027e-01
1.817562e+00 8.139808e-04 9.940635e-01 -5.499658e-01
1.818681e+00 8.089248e-04 9.941012e-01 -5.496292e-01
1.819800e+00 8.038963e-04 9.941388e-01 -5.492931e-01
1.820920e+00 7.988950e-04 9.941761e-01 -5.489573e-01
1.822039e+00 7.939208e-04 9.942133e-01 -5.486219e-01
1.823158e+00 7.889736e-04 9.942503e-01 -5.482870e-01
1.824277e+00 7.840534e-04 9.942870e-01 -5.479524e-01
1.825396e+00 7.791599e-04 9.943236e-01 -5.476183e-01
1.826515e+00 7.742930e-04 9.943601e-01 -5.472845e-01
1.827634e+00 7.694527e-04 9.943963e-01 -5.469511e-01
1.828754e+00 7.646387e-04 9.944324e-01 -5.466181e-01
1.829873e+00 7.598511e-04 9.944682e-01 -5.462856e-01
1.830992e+00 7.550896e-04 9.945039e-01 -5.459534e-01
1.832111e+00 7.503541e-04 9.945394e-01 -5.456216e-01
1.833230e+00 7.456445e-04 9.945748e-01 -5.452902e-01
1.834349e+00 7.409608e-04 9.946099e-01 -5.449592e-01
1.835468e+00 7.363027e-04 9.946449e-01 -5.446286e-01
1.836588e+00 7.316702e-04 9.946797e-01 -5.442984e-01
1.837707e+00 7.270631e-04 9.947143e-01 -5.439685e-01
1.838826e+00 7.224813e-04 9.947488e-01 -5.436391e-01
1.839945e+00 7.179247e-04 9.947830e-01 -5.433100e-01
1.841064e+00 7.133933e-04 9.948171e-01 -5.429814e-01
1.842183e+00 7.088868e-04 9.948510e-01 -5.426531e-01
1.843302e+00 7.044051e-04 9.948848e-01 -5.423252e-01
1.844422e+00 6.999482e-04 9.949184e-01 -5.419977e-01
1.845541e+00 6.955159e-04 9.949518e-01 -5.416706e-01
1.846660e+00 6.911082e-04 9.949850e-01 -5.413439e-01
1.847779e+00 6.867248e-04 9.950180e-01 -5.410175e-01
1.848898e+00 6.823657e-04 9.950509e-01 -5.406916e-01
1.850017e+00 6.780308e-04 9.950837e-01 -5.403660e-01
1.851136e+00 6.737199e-04 9.951162e-01 -5.400408e-01
1.852256e+00 6.694330e-04 9.951486e-01 -5.397160e-01
1.853375e+00 6.651699e-04 9.951808e-01 -5.393916e-01
1.854494e+00 6.609305e-04 9.952129e-01 -5.390675e-01
1.855613e+00 6.567147e-04 9.952447e-01 -5.387439e-01
1.856732e+00 6.525224e-04 9.952765e-01 -5.384206e-01
1.857851e+00 6.483535e-04 9.953080e-01 -5.380977e-01
1.858970e+00 6.442079e-04 9.953394e-01 -5.377752e-01
1.860090e+00 6.400855e-04 9.953706e-01 -5.374530e-01
1.861209e+00 6.359861e-04 9.954017e-01 -5.371312e-01
1.862328e+00 6.319096e-04 9.954326e-01 -5.368098e-01
1.863447e+00 6.278560e-04 9.954633e-01 -5.364888e-01
1.864566e+00 6.238251e-04 9.954939e-01 -5.361682e-01
1.865685e+00 6.198169e-04 9.955243e-01 -5.358479e-01
1.866804e+00 6.158312e-04 9.955546e-01 -5.355280e-01
1.867924e+00 6.118679e-04 9.955847e-01 -5.352085e-01
1.869043e+00 6.079268e-04 9.956147e-01 -5.348893e-01
1.870162e+00 6.040080e-04 9.956444e-01 -5.345706e-01
1.871281e+00 6.001113e-04 9.956741e-01 -5.342522e-01
1.872400e+00 5.962366e-04 9.957036e-01 -5.339341e-01
1.873519e+00 5.923837e-04 9.957329e-01 -5.336165e-01
1.874638e+00 5.885526e-04 9.957620e-01 -5.332992e-01
1.875758e+00 5.847432e-04 9.957910e-01 -5.329823e-01
1.876877e+00 5.809554e-04 9.958199e-01 -5.326657e-01
1.877996e+00 5.771890e-04 9.958486e-01 -5.323495e-01
1.879115e+00 5.734440e-04 9.958772e-01 -5.320337e-01
1.880234e+00 5.697203e-04 9.959056e-01 -5.317182e-01
1.881353e+00 5.660177e-04 9.959338e-01 -5.314032e-01
1.882472e+00 5.623362e-04 9.959619e-01 -5.310884e-01
1.883592e+00 5.586756e-04 9.959899e-01 -5.307741e-01
1.884711e+00 5.550359e-04 9.960177e-01 -5.304601e-01
1.885830e+00 5.514170e-04 9.960453e-01 -5.301465e-01
1.886949e+00 5.478187e-04 9.960728e-01 -5.298332e-01
1.888068e+00 5.442410e-04 9.961002e-01 -5.295203e-01
1.889187e+00 5.406837e-04 9.961274e-01 -5.292078e-01
1.890306e+00 5.371468e-04 9.961545e-01 -5.288956e-01
1.891426e+00 5.336302e-04 9.961814e-01 -5.285838e-01
1.892545e+00 5.301337e-04 9.962082e-01 -5.282723e-01
1.893664e+00 5.266572e-04 9.962348e-01 -5.279612e-01
1.894783e+00 5.232008e-04 9.962613e-01 -5.276505e-01
1.895902e+00 5.197642e-04 9.962876e-01 -5.273401e-01
1.897021e+00 5.163474e-04 9.963138e-01 -5.270301e-01
1.898141e+00 5.129503e-04 9.963399e-01 -5.267204e-01
1.899260e+00 5.095727e-04 9.963658e-01 -5.264111e-01
1.900379e+00 5.062146e-04 9.963916e-01 -5.261022e-01
1.901498e+00 5.028760e-04 9.964172e-01 -5.257936e-01
1.902617e+00 4.995566e-04 9.964427e-01 -5.254853e-01
1.903736e+00 4.962564e-04 9.964681e-01 -5.251775e-01
1.904855e+00 4.929754e-04 9.964933e-01 -5.248699e-01
1.905975e+00 4.897133e-04 9.965184e-01 -5.245628e-01
1.907094e+00 4.864702e-04 9.965434e-01 -5.242559e-01
1.908213e+00 4.832459e-04 9.965682e-01 -5.239495e-01
1.909332e+00 4.800403e-04 9.965929e-01 -5.236433e-01
1.910451e+00 4.768534e-04 9.966174e-01 -5.233376e-01
1.911570e+00 4.736851e-04 9.966418e-01 -5.230322e-01
1.912689e+00 4.705351e-04 9.966661e-01 -5.227271e-01
1.913809e+00 4.674036e-04 9.966902e-01 -5.224224e-01
1.914928e+00 4.642904e-04 9.967142e-01 -5.221180e-01
1.916047e+00 4.611953e-04 9.967381e-01 -5.218140e-01
1.917166e+00 4.581183e-04 9.967619e-01 -5.215103e-01
1.918285e+00 4.550594e-04 9.967855e-01 -5.212070e-01
1.919404e+00 4.520184e-04 9.968090e-01 -5.209040e-01
1.920523e+00 4.489952e-04 9.968323e-01 -5.206014e-01
1.921643e+00 4.459897e-04 9.968555e-01 -5.202991e-01
1.922762e+00 4.430019e-04 9.968786e-01 -5.199971e-01
1.923881e+00 4.400317e-04 9.969016e-01 -5.196955e-01
1.925000e+00 4.370789e-04 9.969245e-01 -5.193943e-01
1.926119e+00 4.341435e-04 9.969472e-01 -5.190934e-01
1.927238e+00 4.312255e-04 9.969698e-01 -5.187928e-01
1.928357e+00 4.283246e-04 9.969922e-01 -5.184926e-01
1.929477e+00 4.254409e-04 9.970146e-01 -5.181927e-01
1.930596e+00 4.225743e-04 9.970368e-01 -5.178931e-01
1.931715e+00 4.197246e-04 9.970589e-01 -5.175939e-01
1.932834e+00 4.168918e-04 9.970808e-01 -5.172951e-01
1.933953e+00 4.140757e-04 9.971027e-01 -5.169966e-01
1.935072e+00 4.112764e-04 9.971244e-01 -5.166984e-01
1.936191e+00 4.084937e-04 9.971460e-01 -5.164005e-01
1.937311e+00 4.057276e-04 9.971675e-01 -5.161030e-01
1.938430e+00 4.029779e-04 9.971888e-01 -5.158058e-01
1.939549e+00 4.002445e-04 9.972100e-01 -5.155090e-01
1.940668e+00 3.975275e-04 9.972312e-01 -5.152125e-01
1.941787e+00 3.948267e-04 9.972522e-01 -5.149163e-01
1.942906e+00 3.921420e-04 9.972730e-01 -5.146205e-01
1.944025e+00 3.894733e-04 9.972938e-01 -5.143250e-01
1.945145e+00 3.868207e-04 9.973144e-01 -5.140298e-01
1.946264e+00 3.841839e-04 9.973350e-01 -5.137350e-01
1.947383e+00 3.815628e-04 9.973554e-01 -5.134405e-01
1.948502e+00 3.789576e-04 9.973757e-01 -5.131464e-01
1.949621e+00 3.763679e-04 9.973958e-01 -5.128525e-01
1.950740e+00 3.737939e-04 9.974159e-01 -5.125590e-01
1.951859e+00 3.712353e-04 9.974358e-01 -5.122659e-01
1.952979e+00 3.686921e-04 9.974557e-01 -5.119730e-01
1.954098e+00 3.661642e-04 9.974754e-01 -5.116805e-01
1.955217e+00 3.636516e-04 9.974950e-01 -5.113883e-01
1.956336e+00 3.611541e-04 9.975145e-01 -5.110965e-01
1.957455e+00 3.586718e-04 9.975339e-01 -5.108050e-01
1.958574e+00 3.562044e-04 9.975532e-01 -5.105138e-01
1.959693e+00 3.537520e-04 9.975723e-01 -5.102229e-01
1.960813e+00 3.513145e-04 9.975914e-01 -5.099323e-01
1.961932e+00 3.488917e-04 9.976103e-01 -5.096421e-01
1.963051e+00 3.464836e-04 9.976291e-01 -5.093522e-01
1.964170e+00 3.440902e-04 9.976479e-01 -5.090627e-01
1.965289e+00 3.417113e-04 9.976665e-01 -5.087734e-01
1.966408e+00 3.393469e-04 9.976850e-01 -5.084845e-01
1.967527e+00 3.369969e-04 9.977034e-01 -5.081959e-01
1.968647e+00 3.346613e-04 9.977217e-01 -5.079076e-01
1.969766e+00 3.323399e-04 9.977399e-01 -5.076197e-01
1.970885e+00 3.300326e-04 9.977580e-01 -5.073321e-01
1.972004e+00 3.277395e-04 9.977759e-01 -5.070448e-01
1.973123e+00 3.254604e-04 9.977938e-01 -5.067578e-01
1.974242e+00 3.231953e-04 9.978116e-01 -5.064711e-01
1.975361e+00 3.209441e-04 9.978292e-01 -5.061848e-01
1.976481e+00 3.187067e-04 9.978468e-01 -5.058987e-01
1.977600e+00 3.164830e-04 9.978643e-01 -5.056130e-01
1.978719e+00 3.142730e-04 9.978816e-01 -5.053276e-01
1.979838e+00 3.120766e-04 9.978989e-01 -5.050426e-01
1.980957e+00 3.098938e-04 9.979160e-01 -5.047578e-01
1.982076e+00 3.077244e-04 9.979331e-01 -5.044734e-01
1.983195e+00 3.055684e-04 9.979500e-01 -5.041892e-01
1.984315e+00 3.034257e-04 9.979669e-01 -5.039054e-01
1.985434e+00 3.012962e-04 9.979836e-01 -5.036219e-01
1.986553e+00 2.991800e-04 9.980003e-01 -5.033388e-01
1.987672e+00 2.970768e-04 9.980168e-01 -5.030559e-01
1.988791e+00 2.949867e-04 9.980333e-01 -5.027734e-01
1.989910e+00 2.929095e-04 9.980497e-01 -5.024911e-01
1.991029e+00 2.908453e-04 9.980659e-01 -5.022092e-01
1.992149e+00 2.887939e-04 9.980821e-01 -5.019276e-01
1.993268e+00 2.867552e-04 9.980982e-01 -5.016463e-01
1.994387e+00 2.847293e-04 9.981141e-01 -5.013653e-01
1.995506e+00 2.827159e-04 9.981300e-01 -5.010846e-01
1.996625e+00 2.807152e-04 9.981458e-01 -5.008043e-01
1.997744e+00 2.787269e-04 9.981615e-01 -5.005242e-01
1.998864e+00 2.767511e-04 9.981771e-01 -5.002444e-01
1.999983e+00 2.747876e-04 9.981926e-01 -4.999650e-01
2.001102e+00 2.728365e-04 9.982080e-01 -4.996859e-01
2.002221e+00 2.708976e-04 9.982233e-01 -4.994071e-01
2.003340e+00 2.689708e-04 9.982385e-01 -4.991285e-01
2.004459e+00 2.670561e-04 9.982537e-01 -4.988503e-01
2.005578e+00 2.651535e-04 9.982687e-01 -4.985724e-01
2.006698e+00 2.632628e-04 9.982837e-01 -4.982948e-01
2.007817e+00 2.613841e-04 9.982985e-01 -4.980175e-01
2.008936e+00 2.595172e-04 9.983133e-01 -4.977406e-01
2.010055e+00 2.576621e-04 9.983280e-01 -4.974639e-01
2.011174e+00 2.558187e-04 9.983426e-01 -4.971875e-01
2.012293e+00 2.539869e-04 9.983571e-01 -4.969114e-01
2.013412e+00 2.521668e-04 9.983715e-01 -4.966356e-01
2.014532e+00 2.503581e-04 9.983859e-01 -4.963602e-01
2.015651e+00 2.485610e-04 9.984001e-01 -4.960850e-01
2.016770e+00 2.467752e-04 9.984143e-01 -4.958101e-01
2.017889e+00 2.450008e-04 9.984283e-01 -4.955356e-01
2.019008e+00 2.432377e-04 9.984423e-01 -4.952613e-01
2.020127e+00 2.414857e-04 9.984562e-01 -4.949873e-01
2.021246e+00 2.397450e-04 9.984700e-01 -4.947137e-01
2.022366e+00 2.380153e-04 9.984838e-01 -4.944403e-01
2.023485e+00 2.362967e-04 9.984974e-01 -4.941672e-01
2.024604e+00 2.345891e-04 9.985110e-01 -4.938945e-01
2.025723e+00 2.328923e-04 9.985245e-01 -4.936220e-01
2.026842e+00 2.312064e-04 9.985379e-01 -4.933498e-01
2.027961e+00 2.295314e-04 9.985512e-01 -4.930779e-01
2.029080e+00 2.278670e-04 9.985644e-01 -4.928064e-01
2.030200e+00 2.262134e-04 9.985776e-01 -4.925351e-01
2.031319e+00 2.245703e-04 9.985907e-01 -4.922641e-01
2.032438e+00 2.229379e-04 9.986036e-01 -4.919934e-01
2.033557e+00 2.213159e-04 9.986166e-01 -4.917230e-01
2.034676e+00 2.197044e-04 9.986294e-01 -4.914529e-01
2.035795e+00 2.181032e-04 9.986421e-01 -4.911831e-01
2.036914e+00 2.165124e-04 9.986548e-01 -4.909135e-01
2.038034e+00 2.149319e-04 9.986674e-01 -4.906443e-01
2.039153e+00 2.133616e-04 9.986799e-01 -4.903754e-01
2.040272e+00 2.118015e-04 9.986924e-01 -4.901067e-01
2.041391e+00 2.102514e-04 9.987047e-01 -4.898384e-01
2.042510e+00 2.087114e-04 9.987170e-01 -4.895703e-01
2.043629e+00 2.071814e-04 9.987292e-01 -4.893026e-01
2.044748e+00 2.056614e-04 9.987413e-01 -4.890351e-01
2.045868e+00 2.041512e-04 9.987534e-01 -4.887679e-01
2.046987e+00 2.026508e-04 9.987654e-01 -4.885010e-01
2.048106e+00 2.011602e-04 9.987773e-01 -4.882344e-01
2.049225e+00 1.996794e-04 9.987891e-01 -4.879680e-01
2.050344e+00 1.982082e-04 9.988009e-01 -4.877020e-01
2.051463e+00 1.967466e-04 9.988125e-01 -4.874362e-01
2.052582e+00 1.952946e-04 9.988242e-01 -4.871708e-01
2.053702e+00 1.938520e-04 9.988357e-01 -4.869056e-01
2.054821e+00 1.924189e-04 9.988472e-01 -4.866407e-01
2.055940e+00 1.909953e-04 9.988585e-01 -4.863761e-01
2.057059e+00 1.895809e-04 9.988699e-01 -4.861118e-01
2.058178e+00 1.881759e-04 9.988811e-01 -4.858477e-01
2.059297e+00 1.867800e-04 9.988923e-01 -4.855840e-01
2.060416e+00 1.853934e-04 9.989034e-01 -4.853205e-01
2.061536e+00 1.840159e-04 9.989144e-01 -4.850573e-01
2.062655e+00 1.826475e-04 9.989254e-01 -4.847944e-01
2.063774e+00 1.812881e-04 9.989363e-01 -4.845318e-01
2.064893e+00 1.799377e-04 9.989471e-01 -4.842694e-01
2.066012e+00 1.785962e-04 9.989579e-01 -4.840074e-01
2.067131e+00 1.772636e-04 9.989685e-01 -4.837456e-01
2.068250e+00 1.759399e-04 9.989792e-01 -4.834841e-01
2.069370e+00 1.746249e-04 9.989897e-01 -4.832229e-01
2.070489e+00 1.733186e-04 9.990002e-01 -4.829620e-01
2.071608e+00 1.720210e-04 9.990106e-01 -4.827013e-01
2.072727e+00 1.707321e-04 9.990210e-01 -4.824409e-01
2.073846e+00 1.694517e-04 9.990312e-01 -4.821808e-01
2.074965e+00 1.681798e-04 9.990415e-01 -4.819210e-01
2.076084e+00 1.669164e-04 9.990516e-01 -4.816614e-01
2.077204e+00 1.656615e-04 9.990617e-01 -4.814022e-01
2.078323e+00 1.644149e-04 9.990717e-01 -4.811432e-01
2.079442e+00 1.631767e-04 9.990817e-01 -4.808845e-01
2.080561e+00 1.619468e-04 9.990916e-01 -4.806260e-01
2.081680e+00 1.607251e-04 9.991014e-01 -4.803679e-01
2.082799e+00 1.595116e-04 9.991112e-01 -4.801100e-01
2.083918e+00 1.583062e-04 9.991209e-01 -4.798523e-01
2.085038e+00 1.571090e-04 9.991305e-01 -4.795950e-01
2.086157e+00 1.559198e-04 9.991401e-01 -4.793379e-01
2.087276e+00 1.547386e-04 9.991496e-01 -4.790811e-01
2.088395e+00 1.535653e-04 9.991590e-01 -4.788246e-01
2.089514e+00 1.524000e-04 9.991684e-01 -4.785684e-01
2.090633e+00 1.512425e-04 9.991777e-01 -4.783124e-01
2.091752e+00 1.500929e-04 9.991870e-01 -4.780567e-01
2.092872e+00 1.489510e-04 9.991962e-01 -4.778012e-01
2.093991e+00 1.478169e-04 9.992054e-01 -4.775461e-01
2.095110e+00 1.466904e-04 9.992144e-01 -4.772912e-01
2.096229e+00 1.455716e-04 9.992235e-01 -4.770366e-01
2.097348e+00 1.444604e-04 9.992324e-01 -4.767822e-01
2.098467e+00 1.433567e-04 9.992413e-01 -4.765281e-01
2.099587e+00 1.422605e-04 9.992502e-01 -4.762743e-01
2.100706e+00 1.411718e-04 9.992590e-01 -4.760207e-01
2.101825e+00 1.400905e-04 9.992677e-01 -4.757675e-01
2.102944e+00 1.390166e-04 9.992764e-01 -4.755145e-01
2.104063e+00 1.379500e-04 9.992850e-01 -4.752617e-01
2.105182e+00 1.368907e-04 9.992936e-01 -4.750092e-01
2.106301e+00 1.358387e-04 9.993021e-01 -4.747570e-01
2.107421e+00 1.347938e-04 9.993105e-01 -4.745051e-01
2.108540e+00 1.337561e-04 9.993189e-01 -4.742534e-01
2.109659e+00 1.327256e-04 9.993272e-01 -4.740020e-01
2.110778e+00 1.317021e-04 9.993355e-01 -4.737508e-01
2.111897e+00 1.306856e-04 9.993437e-01 -4.734999e-01
2.113016e+00 1.296761e-04 9.993519e-01 -4.732493e-01
2.114135e+00 1.286736e-04 9.993600e-01 -4.729989e-01
2.115255e+00 1.276780e-04 9.993681e-01 -4.727488e-01
2.116374e+00 1.266893e-04 9.993761e-01 -4.724990e-01
2.117493e+00 1.257074e-04 9.993841e-01 -4.722494e-01
2.118612e+00 1.247322e-04 9.993920e-01 -4.720001e-01
2.119731e+00 1.237638e-04 9.993998e-01 -4.717510e-01
2.120850e+00 1.228021e-04 9.994076e-01 -4.715022e-01
2.121969e+00 1.218471e-04 9.994153e-01 -4.712537e-01
2.123089e+00 1.208987e-04 9.994230e-01 -4.710054e-01
2.124208e+00 1.199569e-04 9.994307e-01 -4.707574e-01
2.125327e+00 1.190217e-04 9.994383e-01 -4.705097e-01
2.126446e+00 1.180929e-04 9.994458e-01 -4.702622e-01
2.127565e+00 1.171706e-04 9.994533e-01 -4.700150e-01
2.128684e+00 1.162548e-04 9.994607e-01 -4.697680e-01
2.129803e+00 1.153453e-04 9.994681e-01 -4.695213e-01
2.130923e+00 1.144422e-04 9.994754e-01 -4.692748e-01
2.132042e+00 1.135454e-04 9.994827e-01 -4.690286e-01
2.133161e+00 1.126548e-04 9.994899e-01 -4.687826e-01
2.134280e+00 1.117705e-04 9.994971e-01 -4.685369e-01
2.135399e+00 1.108924e-04 9.995043e-01 -4.682915e-01
2.136518e+00 1.100205e-04 9.995113e-01 -4.680463e-01
2.137637e+00 1.091547e-04 9.995184e-01 -4.678014e-01
2.138757e+00 1.082950e-04 9.995254e-01 -4.675567e-01
2.139876e+00 1.074413e-04 9.995323e-01 -4.673123e-01
2.140995e+00 1.065936e-04 9.995392e-01 -4.670682e-01
2.142114e+00 1.057519e-04 9.995461e-01 -4.668242e-01
2.143233e+00 1.049162e-04 9.995529e-01 -4.665806e-01
2.144352e+00 1.040863e-04 9.995596e-01 -4.663372e-01
2.145471e+00 1.032623e-04 9.995663e-01 -4.660940e-01
2.146591e+00 1.024442e-04 9.995730e-01 -4.658511e-01
2.147710e+00 1.016318e-04 9.995796e-01 -4.656085e-01
2.148829e+00 1.008252e-04 9.995862e-01 -4.653661e-01
2.149948e+00 1.000243e-04 9.995927e-01 -4.651239e-01
2.151067e+00 9.922914e-05 9.995992e-01 -4.648820e-01
2.152186e+00 9.843961e-05 9.996056e-01 -4.646404e-01
2.153305e+00 9.765569e-05 9.996120e-01 -4.643990e-01
2.154425e+00 9.687736e-05 9.996184e-01 -4.641579e-01
2.155544e+00 9.610457e-05 9.996247e-01 -4.639170e-01
2.156663e+00 9.533730e-05 9.996309e-01 -4.636763e-01
2.157782e+00 9.457551e-05 9.996371e-01 -4.634359e-01
2.158901e+00 9.381917e-05 9.996433e-01 -4.631958e-01
2.160020e+00 9.306824e-05 9.996494e-01 -4.629558e-01
2.161139e+00 9.232269e-05 9.996555e-01 -4.627162e-01
2.162259e+00 9.158248e-05 9.996616e-01 -4.624768e-01
2.163378e+00 9.084759e-05 9.996676e-01 -4.622376e-01
2.164497e+00 9.011797e-05 9.996735e-01 -4.619987e-01
2.165616e+00 8.939361e-05 9.996794e-01 -4.617600e-01
2.166735e+00 8.867445e-05 9.996853e-01 -4.615216e-01
2.167854e+00 8.796048e-05 9.996911e-01 -4.612834e-01
2.168973e+00 8.725165e-05 9.996969e-01 -4.610455e-01
2.170093e+00 8.654794e-05 9.997027e-01 -4.608078e-01
2.171212e+00 8.584932e-05 9.997084e-01 -4.605703e-01
2.172331e+00 8.515574e-05 9.997141e-01 -4.603331e-01
2.173450e+00 8.446719e-05 9.997197e-01 -4.600961e-01
2.174569e+00 8.378363e-05 9.997253e-01 -4.598594e-01
2.175688e+00 8.310502e-05 9.997308e-01 -4.596229e-01
2.176807e+00 8.243134e-05 9.997364e-01 -4.593867e-01
2.177927e+00 8.176255e-05 9.997418e-01 -4.591507e-01
2.179046e+00 8.109862e-05 9.997473e-01 -4.589149e-01
2.180165e+00 8.043953e-05 9.997527e-01 -4.586794e-01
2.181284e+00 7.978525e-05 9.997580e-01 -4.584441e-01
2.182403e+00 7.913573e-05 9.997633e-01 -4.582091e-01
2.183522e+00 7.849095e-05 9.997686e-01 -4.579743e-01
2.184641e+00 7.785089e-05 9.997739e-01 -4.577397e-01
2.185761e+00 7.721551e-05 9.997791e-01 -4.575054e-01
2.186880e+00 7.658478e-05 9.997842e-01 -4.572713e-01
2.187999e+00 7.595867e-05 9.997894e-01 -4.570375e-01
2.189118e+00 7.533715e-05 9.997945e-01 -4.568039e-01
2.190237e+00 7.472020e-05 9.997995e-01 -4.565705e-01
2.191356e+00 7.410777e-05 9.998046e-01 -4.563374e-01
2.192475e+00 7.349986e-05 9.998095e-01 -4.561045e-01
2.193595e+00 7.289642e-05 9.998145e-01 -4.558719e-01
2.194714e+00 7.229742e-05 9.998194e-01 -4.556394e-01
2.195833e+00 7.170285e-05 9.998243e-01 -4.554073e-01
2.196952e+00 7.111266e-05 9.998291e-01 -4.551753e-01
2.198071e+00 7.052684e-05 9.998339e-01 -4.549436e-01
2.199190e+00 6.994535e-05 9.998387e-01 -4.547121e-01
2.200310e+00 6.936816e-05 9.998435e-01 -4.544809e-01
2.201429e+00 6.879526e-05 9.998482e-01 -4.542499e-01
2.202548e+00 6.822660e-05 9.998528e-01 -4.540191e-01
2.203667e+00 6.766216e-05 9.998575e-01 -4.537885e-01
2.204786e+00 6.710193e-05 9.998621e-01 -4.535582e-01
2.205905e+00 6.654585e-05 9.998666e-01 -4.533282e-01
2.207024e+00 6.599392e-05 9.998712e-01 -4.530983e-01
2.208144e+00 6.544610e-05 9.998757e-01 -4.528687e-01
2.209263e+00 6.490237e-05 9.998802e-01 -4.526393e-01
2.210382e+00 6.436270e-05 9.998846e-01 -4.524102e-01
2.211501e+00 6.382707e-05 9.998890e-01 -4.521812e-01
2.212620e+00 6.329544e-05 9.998934e-01 -4.519526e-01
2.213739e+00 6.276779e-05 9.998977e-01 -4.517241e-01
2.214858e+00 6.224409e-05 9.999020e-01 -4.514959e-01
2.215978e+00 6.172433e-05 9.999063e-01 -4.512679e-01
2.217097e+00 6.120847e-05 9.999106e-01 -4.510401e-01
2.218216e+00 6.069649e-05 9.999148e-01 -4.508126e-01
2.219335e+00 6.018836e-05 9.999190e-01 -4.505852e-01
2.220454e+00 5.968405e-05 9.999231e-01 -4.503582e-01
2.221573e+00 5.918355e-05 9.999272e-01 -4.501313e-01
2.222692e+00 5.868683e-05 9.999313e-01 -4.499047e-01
2.223812e+00 5.819385e-05 9.999354e-01 -4.496783e-01
2.224931e+00 5.770460e-05 9.999394e-01 -4.494521e-01
2.226050e+00 5.721906e-05 9.999434e-01 -4.492261e-01
2.227169e+00 5.673719e-05 9.999474e-01 -4.490004e-01
2.228288e+00 5.625898e-05 9.999513e-01 -4.487749e-01
2.229407e+00 5.578439e-05 9.999553e-01 -4.485497e-01
2.230526e+00 5.531341e-05 9.999591e-01 -4.483246e-01
2.231646e+00 5.484601e-05 9.999630e-01 -4.480998e-01
2.232765e+00 5.438216e-05 9.999668e-01 -4.478752e-01
2.233884e+00 5.392185e-05 9.999706e-01 -4.476508e-01
2.235003e+00 5.346505e-05 9.999744e-01 -4.474267e-01
2.236122e+00 5.301174e-05 9.999781e-01 -4.472028e-01
2.237241e+00 5.256189e-05 9.999818e-01 -4.469790e-01
2.238360e+00 5.211547e-05 9.999855e-01 -4.467556e-01
2.239480e+00 5.167248e-05 9.999892e-01 -4.465323e-01
2.240599e+00 5.123287e-05 9.999928e-01 -4.463093e-01
2.241718e+00 5.079664e-05 9.999964e-01 -4.460865e-01
2.242837e+00 5.036376e-05 1.000000e+00 -4.458639e-01
